Workbook
Name Source: 'เช็คราคา'!$A$80:$D$87
Name Salad: 'เช็คราคา'!$A$216:$C$226
Name Noodle: 'เช็คราคา'!$A$122:$C$134
Name Beacon: 'เช็คราคา'!$A$88:$D$92
Name ball: 'เช็คราคา'!$A$146:$D$176
Name Pices: 'เช็คราคา'!$A$43:$D$59
Name Fried: 'เช็คราคา'!$A$62:$D$73
Name meat: 'เช็คราคา'!$A$135:$C$145
Name Fresh: 'เช็คราคา'!$A$98:$C$121
Name Nammmm: 'เช็คราคา'!$A$31:$C$41
Name Grill: 'เช็คราคา'!$A$202:$D$215
Name Fish: 'เช็คราคา'!$A$177:$D$188
Name Pork1: 'เช็คราคา'!$A$1:$C$30
Name bar: 'เช็คราคา'!$A$189:$D$199
Name InPork: 'เช็คราคา'!$A$74:$D$79

Sheet export_items
A1: =IFERROR(__xludf.DUMMYFUNCTION("QUERY(IMPORTRANGE(""https://docs.google.com/spreadsheets/d/1LgvW4Yly4zdVOUCZgROMSAP5uJtTP22RoI-4tTi5cwY/edit"", ""export_items!A:Z""), ""SELECT * WHERE Col1 IS NOT NULL"", 1)"),"Handle") -> Handle | B1: =IFERROR(__xludf.DUMMYFUNCTION("""COMPUTED_VALUE"""),"SKU") -> SKU | C1: =IFERROR(__xludf.DUMMYFUNCTION("""COMPUTED_VALUE"""),"Name") -> Name | D1: =IFERROR(__xludf.DUMMYFUNCTION("""COMPUTED_VALUE"""),"Category") -> Category | E1: =IFERROR(__xludf.DUMMYFUNCTION("""COMPUTED_VALUE"""),"Description") -> Description | F1: =IFERROR(__xludf.DUMMYFUNCTION("""COMPUTED_VALUE"""),"Sold by weight") -> Sold by weight | G1: =IFERROR(__xludf.DUMMYFUNCTION("""COMPUTED_VALUE"""),"Option 1 name") -> Option 1 name | H1: =IFERROR(__xludf.DUMMYFUNCTION("""COMPUTED_VALUE"""),"Option 1 value") -> Option 1 value | I1: =IFERROR(__xludf.DUMMYFUNCTION("""COMPUTED_VALUE"""),"Option 2 name") -> Option 2 name | J1: =IFERROR(__xludf.DUMMYFUNCTION("""COMPUTED_VALUE"""),"Option 2 value") -> Option 2 value | K1: =IFERROR(__xludf.DUMMYFUNCTION("""COMPUTED_VALUE"""),"Option 3 name") -> Option 3 name | L1: =IFERROR(__xludf.DUMMYFUNCTION("""COMPUTED_VALUE"""),"Option 3 value") -> Option 3 value | M1: =IFERROR(__xludf.DUMMYFUNCTION("""COMPUTED_VALUE"""),"Cost") -> Cost | N1: =IFERROR(__xludf.DUMMYFUNCTION("""COMPUTED_VALUE"""),"Barcode") -> Barcode | O1: =IFERROR(__xludf.DUMMYFUNCTION("""COMPUTED_VALUE"""),"SKU of included item") -> SKU of included item | P1: =IFERROR(__xludf.DUMMYFUNCTION("""COMPUTED_VALUE"""),"Quantity of included item") -> Quantity of included item | Q1: =IFERROR(__xludf.DUMMYFUNCTION("""COMPUTED_VALUE"""),"Track stock") -> Track stock | R1: =IFERROR(__xludf.DUMMYFUNCTION("""COMPUTED_VALUE"""),"Use production") -> Use production | S1: =IFERROR(__xludf.DUMMYFUNCTION("""COMPUTED_VALUE"""),"Supplier") -> Supplier | T1: =IFERROR(__xludf.DUMMYFUNCTION("""COMPUTED_VALUE"""),"Purchase cost") -> Purchase cost | U1: =IFERROR(__xludf.DUMMYFUNCTION("""COMPUTED_VALUE"""),"Available for sale [ห้องเย็นทองสุข สาขาโพนทอง]") -> Available for sale [ห้องเย็นทองสุข สาขาโพนทอง] | V1: =IFERROR(__xludf.DUMMYFUNCTION("""COMPUTED_VALUE"""),"Price [ห้องเย็นทองสุข สาขาโพนทอง]") -> Price [ห้องเย็นทองสุข สาขาโพนทอง] | W1: =IFERROR(__xludf.DUMMYFUNCTION("""COMPUTED_VALUE"""),"In stock [ห้องเย็นทองสุข สาขาโพนทอง]") -> In stock [ห้องเย็นทองสุข สาขาโพนทอง] | X1: =IFERROR(__xludf.DUMMYFUNCTION("""COMPUTED_VALUE"""),"Low stock [ห้องเย็นทองสุข สาขาโพนทอง]") -> Low stock [ห้องเย็นทองสุข สาขาโพนทอง] | Y1: =IFERROR(__xludf.DUMMYFUNCTION("""COMPUTED_VALUE"""),"Optimal stock [ห้องเย็นทองสุข สาขาโพนทอง]") -> Optimal stock [ห้องเย็นทองสุข สาขาโพนทอง] | Z1: =IFERROR(__xludf.DUMMYFUNCTION("""COMPUTED_VALUE"""),"")
A2: =IFERROR(__xludf.DUMMYFUNCTION("""COMPUTED_VALUE"""),"ผัก-1") -> ผัก-1 | B2: =IFERROR(__xludf.DUMMYFUNCTION("""COMPUTED_VALUE"""),90001.0) -> 90001 | C2: =IFERROR(__xludf.DUMMYFUNCTION("""COMPUTED_VALUE"""),"(A) ผัก") -> (A) ผัก | E2: =IFERROR(__xludf.DUMMYFUNCTION("""COMPUTED_VALUE"""),"<p>X</p>") -> <p>X</p> | F2: =IFERROR(__xludf.DUMMYFUNCTION("""COMPUTED_VALUE"""),"Y") -> Y | M2: =IFERROR(__xludf.DUMMYFUNCTION("""COMPUTED_VALUE"""),0.8) -> 0.8 | N2: =IFERROR(__xludf.DUMMYFUNCTION("""COMPUTED_VALUE"""),90001.0) -> 90001 | Q2: =IFERROR(__xludf.DUMMYFUNCTION("""COMPUTED_VALUE"""),"N") -> N | U2: =IFERROR(__xludf.DUMMYFUNCTION("""COMPUTED_VALUE"""),"Y") -> Y | V2: =IFERROR(__xludf.DUMMYFUNCTION("""COMPUTED_VALUE"""),1.0) -> 1
A3: =IFERROR(__xludf.DUMMYFUNCTION("""COMPUTED_VALUE"""),"(b)-เบิก-กระดาษม้วน") -> (b)-เบิก-กระดาษม้วน | B3: =IFERROR(__xludf.DUMMYFUNCTION("""COMPUTED_VALUE"""),10703.0) -> 10703 | C3: =IFERROR(__xludf.DUMMYFUNCTION("""COMPUTED_VALUE"""),"(B) เบิก กระดาษม้วน") -> (B) เบิก กระดาษม้วน | F3: =IFERROR(__xludf.DUMMYFUNCTION("""COMPUTED_VALUE"""),"N") -> N | M3: =IFERROR(__xludf.DUMMYFUNCTION("""COMPUTED_VALUE"""),19.33) -> 19.33 | Q3: =IFERROR(__xludf.DUMMYFUNCTION("""COMPUTED_VALUE"""),"Y") -> Y | U3: =IFERROR(__xludf.DUMMYFUNCTION("""COMPUTED_VALUE"""),"Y") -> Y | V3: =IFERROR(__xludf.DUMMYFUNCTION("""COMPUTED_VALUE"""),30.0) -> 30 | W3: =IFERROR(__xludf.DUMMYFUNCTION("""COMPUTED_VALUE"""),62.0) -> 62
A4: =IFERROR(__xludf.DUMMYFUNCTION("""COMPUTED_VALUE"""),"(a)-เบิกหมูกระทะ-น้ำ(ถัง)") -> (a)-เบิกหมูกระทะ-น้ำ(ถัง) | B4: =IFERROR(__xludf.DUMMYFUNCTION("""COMPUTED_VALUE"""),10616.0) -> 10616 | C4: =IFERROR(__xludf.DUMMYFUNCTION("""COMPUTED_VALUE"""),"(B) เบิกหมูกระทะ น้ำ(ถัง)") -> (B) เบิกหมูกระทะ น้ำ(ถัง) | F4: =IFERROR(__xludf.DUMMYFUNCTION("""COMPUTED_VALUE"""),"N") -> N | M4: =IFERROR(__xludf.DUMMYFUNCTION("""COMPUTED_VALUE"""),13.0) -> 13 | Q4: =IFERROR(__xludf.DUMMYFUNCTION("""COMPUTED_VALUE"""),"N") -> N | U4: =IFERROR(__xludf.DUMMYFUNCTION("""COMPUTED_VALUE"""),"Y") -> Y | V4: =IFERROR(__xludf.DUMMYFUNCTION("""COMPUTED_VALUE"""),13.0) -> 13
A5: =IFERROR(__xludf.DUMMYFUNCTION("""COMPUTED_VALUE"""),"dd-สามชั้นกระทะ-2-แถว-1kg") -> dd-สามชั้นกระทะ-2-แถว-1kg | B5: =IFERROR(__xludf.DUMMYFUNCTION("""COMPUTED_VALUE"""),10821.0) -> 10821 | C5: =IFERROR(__xludf.DUMMYFUNCTION("""COMPUTED_VALUE"""),"(S) DD สามชั้นสไลด์ชาบู 1Kg") -> (S) DD สามชั้นสไลด์ชาบู 1Kg | D5: =IFERROR(__xludf.DUMMYFUNCTION("""COMPUTED_VALUE"""),"**ลัง มหาชัย") -> **ลัง มหาชัย | E5: =IFERROR(__xludf.DUMMYFUNCTION("""COMPUTED_VALUE"""),"<p>1</p>") -> <p>1</p> | F5: =IFERROR(__xludf.DUMMYFUNCTION("""COMPUTED_VALUE"""),"N") -> N | M5: =IFERROR(__xludf.DUMMYFUNCTION("""COMPUTED_VALUE"""),138.85) -> 138.85 | N5: =IFERROR(__xludf.DUMMYFUNCTION("""COMPUTED_VALUE"""),10821.0) -> 10821 | Q5: =IFERROR(__xludf.DUMMYFUNCTION("""COMPUTED_VALUE"""),"Y") -> Y | S5: =IFERROR(__xludf.DUMMYFUNCTION("""COMPUTED_VALUE"""),"ขึ้นของมหาชัย") -> ขึ้นของมหาชัย | T5: =IFERROR(__xludf.DUMMYFUNCTION("""COMPUTED_VALUE"""),134.0) -> 134 | U5: =IFERROR(__xludf.DUMMYFUNCTION("""COMPUTED_VALUE"""),"Y") -> Y | V5: =IFERROR(__xludf.DUMMYFUNCTION("""COMPUTED_VALUE"""),170.0) -> 170 | W5: =IFERROR(__xludf.DUMMYFUNCTION("""COMPUTED_VALUE"""),66.0) -> 66 | X5: =IFERROR(__xludf.DUMMYFUNCTION("""COMPUTED_VALUE"""),10.0) -> 10 | Y5: =IFERROR(__xludf.DUMMYFUNCTION("""COMPUTED_VALUE"""),60.0) -> 60
A6: =IFERROR(__xludf.DUMMYFUNCTION("""COMPUTED_VALUE"""),"(s)-กุ้งแก้ว-51/60-1kg") -> (s)-กุ้งแก้ว-51/60-1kg | B6: =IFERROR(__xludf.DUMMYFUNCTION("""COMPUTED_VALUE"""),10066.0) -> 10066 | C6: =IFERROR(__xludf.DUMMYFUNCTION("""COMPUTED_VALUE"""),"(S) กุ้งแก้ว 51/60 ถุง1Kg") -> (S) กุ้งแก้ว 51/60 ถุง1Kg | F6: =IFERROR(__xludf.DUMMYFUNCTION("""COMPUTED_VALUE"""),"N") -> N | O6: =IFERROR(__xludf.DUMMYFUNCTION("""COMPUTED_VALUE"""),10000.0) -> 10000 | P6: =IFERROR(__xludf.DUMMYFUNCTION("""COMPUTED_VALUE"""),0.1) -> 0.1 | Q6: =IFERROR(__xludf.DUMMYFUNCTION("""COMPUTED_VALUE"""),"N") -> N | R6: =IFERROR(__xludf.DUMMYFUNCTION("""COMPUTED_VALUE"""),"N") -> N | U6: =IFERROR(__xludf.DUMMYFUNCTION("""COMPUTED_VALUE"""),"Y") -> Y | V6: =IFERROR(__xludf.DUMMYFUNCTION("""COMPUTED_VALUE"""),140.0) -> 140
A7: =IFERROR(__xludf.DUMMYFUNCTION("""COMPUTED_VALUE"""),"คอเอ็นแก้ว-แพ็ค1-กก") -> คอเอ็นแก้ว-แพ็ค1-กก | B7: =IFERROR(__xludf.DUMMYFUNCTION("""COMPUTED_VALUE"""),10943.0) -> 10943 | C7: =IFERROR(__xludf.DUMMYFUNCTION("""COMPUTED_VALUE"""),"(S) คอเอ็นแก้ว แพ็ค1 กก") -> (S) คอเอ็นแก้ว แพ็ค1 กก | D7: =IFERROR(__xludf.DUMMYFUNCTION("""COMPUTED_VALUE"""),"**ลัง มหาชัย") -> **ลัง มหาชัย | E7: =IFERROR(__xludf.DUMMYFUNCTION("""COMPUTED_VALUE"""),"<p>1</p>") -> <p>1</p> | F7: =IFERROR(__xludf.DUMMYFUNCTION("""COMPUTED_VALUE"""),"N") -> N | M7: =IFERROR(__xludf.DUMMYFUNCTION("""COMPUTED_VALUE"""),26.1) -> 26.1 | N7: =IFERROR(__xludf.DUMMYFUNCTION("""COMPUTED_VALUE"""),10943.0) -> 10943 | Q7: =IFERROR(__xludf.DUMMYFUNCTION("""COMPUTED_VALUE"""),"Y") -> Y | S7: =IFERROR(__xludf.DUMMYFUNCTION("""COMPUTED_VALUE"""),"ขึ้นของมหาชัย") -> ขึ้นของมหาชัย | T7: =IFERROR(__xludf.DUMMYFUNCTION("""COMPUTED_VALUE"""),26.0) -> 26 | U7: =IFERROR(__xludf.DUMMYFUNCTION("""COMPUTED_VALUE"""),"Y") -> Y | V7: =IFERROR(__xludf.DUMMYFUNCTION("""COMPUTED_VALUE"""),45.0) -> 45 | W7: =IFERROR(__xludf.DUMMYFUNCTION("""COMPUTED_VALUE"""),30.0) -> 30 | X7: =IFERROR(__xludf.DUMMYFUNCTION("""COMPUTED_VALUE"""),10.0) -> 10 | Y7: =IFERROR(__xludf.DUMMYFUNCTION("""COMPUTED_VALUE"""),60.0) -> 60
A8: =IFERROR(__xludf.DUMMYFUNCTION("""COMPUTED_VALUE"""),"(s)-คานิจัง-ยาว500g") -> (s)-คานิจัง-ยาว500g | B8: =IFERROR(__xludf.DUMMYFUNCTION("""COMPUTED_VALUE"""),31226.0) -> 31226 | C8: =IFERROR(__xludf.DUMMYFUNCTION("""COMPUTED_VALUE"""),"(s) คานิจัง ยาว500g") -> (s) คานิจัง ยาว500g | E8: =IFERROR(__xludf.DUMMYFUNCTION("""COMPUTED_VALUE"""),"<p>X</p>") -> <p>X</p> | F8: =IFERROR(__xludf.DUMMYFUNCTION("""COMPUTED_VALUE"""),"N") -> N | N8: =IFERROR(__xludf.DUMMYFUNCTION("""COMPUTED_VALUE"""),8.850016084899E12) -> 8850016084899 | O8: =IFERROR(__xludf.DUMMYFUNCTION("""COMPUTED_VALUE"""),11226.0) -> 11226 | P8: =IFERROR(__xludf.DUMMYFUNCTION("""COMPUTED_VALUE"""),0.05) -> 0.05 | Q8: =IFERROR(__xludf.DUMMYFUNCTION("""COMPUTED_VALUE"""),"N") -> N | R8: =IFERROR(__xludf.DUMMYFUNCTION("""COMPUTED_VALUE"""),"N") -> N | U8: =IFERROR(__xludf.DUMMYFUNCTION("""COMPUTED_VALUE"""),"Y") -> Y | V8: =IFERROR(__xludf.DUMMYFUNCTION("""COMPUTED_VALUE"""),55.0) -> 55
A9: =IFERROR(__xludf.DUMMYFUNCTION("""COMPUTED_VALUE"""),"(s)-ซาลาเปาไข่กุ้ง-แพ็ค-500g") -> (s)-ซาลาเปาไข่กุ้ง-แพ็ค-500g | B9: =IFERROR(__xludf.DUMMYFUNCTION("""COMPUTED_VALUE"""),30981.0) -> 30981 | C9: =IFERROR(__xludf.DUMMYFUNCTION("""COMPUTED_VALUE"""),"(s) ซาลาเปาปลาไข่กุ้ง แพ็ค 500g") -> (s) ซาลาเปาปลาไข่กุ้ง แพ็ค 500g | E9: =IFERROR(__xludf.DUMMYFUNCTION("""COMPUTED_VALUE"""),"X") -> X | F9: =IFERROR(__xludf.DUMMYFUNCTION("""COMPUTED_VALUE"""),"N") -> N | O9: =IFERROR(__xludf.DUMMYFUNCTION("""COMPUTED_VALUE"""),10981.0) -> 10981 | P9: =IFERROR(__xludf.DUMMYFUNCTION("""COMPUTED_VALUE"""),1.0) -> 1 | Q9: =IFERROR(__xludf.DUMMYFUNCTION("""COMPUTED_VALUE"""),"N") -> N | R9: =IFERROR(__xludf.DUMMYFUNCTION("""COMPUTED_VALUE"""),"N") -> N | U9: =IFERROR(__xludf.DUMMYFUNCTION("""COMPUTED_VALUE"""),"Y") -> Y | V9: =IFERROR(__xludf.DUMMYFUNCTION("""COMPUTED_VALUE"""),85.0) -> 85
A10: =IFERROR(__xludf.DUMMYFUNCTION("""COMPUTED_VALUE"""),"(s)-ซาลาเปาไส้ไข่เค็ม-500g") -> (s)-ซาลาเปาไส้ไข่เค็ม-500g | B10: =IFERROR(__xludf.DUMMYFUNCTION("""COMPUTED_VALUE"""),30675.0) -> 30675 | C10: =IFERROR(__xludf.DUMMYFUNCTION("""COMPUTED_VALUE"""),"(s) ซาลาเปาไส้ไข่เค็ม 500g") -> (s) ซาลาเปาไส้ไข่เค็ม 500g | E10: =IFERROR(__xludf.DUMMYFUNCTION("""COMPUTED_VALUE"""),"<p>X</p>") -> <p>X</p> | F10: =IFERROR(__xludf.DUMMYFUNCTION("""COMPUTED_VALUE"""),"N") -> N | N10: =IFERROR(__xludf.DUMMYFUNCTION("""COMPUTED_VALUE"""),8.850016635152E12) -> 8850016635152 | O10: =IFERROR(__xludf.DUMMYFUNCTION("""COMPUTED_VALUE"""),10675.0) -> 10675 | P10: =IFERROR(__xludf.DUMMYFUNCTION("""COMPUTED_VALUE"""),1.0) -> 1 | Q10: =IFERROR(__xludf.DUMMYFUNCTION("""COMPUTED_VALUE"""),"N") -> N | R10: =IFERROR(__xludf.DUMMYFUNCTION("""COMPUTED_VALUE"""),"N") -> N | U10: =IFERROR(__xludf.DUMMYFUNCTION("""COMPUTED_VALUE"""),"N") -> N | V10: =IFERROR(__xludf.DUMMYFUNCTION("""COMPUTED_VALUE"""),89.0) -> 89
A11: =IFERROR(__xludf.DUMMYFUNCTION("""COMPUTED_VALUE"""),"(s)-ซูเปอร์-อลาสก้า-250g") -> (s)-ซูเปอร์-อลาสก้า-250g | B11: =IFERROR(__xludf.DUMMYFUNCTION("""COMPUTED_VALUE"""),31490.0) -> 31490 | C11: =IFERROR(__xludf.DUMMYFUNCTION("""COMPUTED_VALUE"""),"(s) ซูเปอร์ อลาสก้า 250g") -> (s) ซูเปอร์ อลาสก้า 250g | E11: =IFERROR(__xludf.DUMMYFUNCTION("""COMPUTED_VALUE"""),"X") -> X | F11: =IFERROR(__xludf.DUMMYFUNCTION("""COMPUTED_VALUE"""),"N") -> N | N11: =IFERROR(__xludf.DUMMYFUNCTION("""COMPUTED_VALUE"""),8.850016635794E12) -> 8850016635794 | O11: =IFERROR(__xludf.DUMMYFUNCTION("""COMPUTED_VALUE"""),11490.0) -> 11490 | P11: =IFERROR(__xludf.DUMMYFUNCTION("""COMPUTED_VALUE"""),1.0) -> 1 | Q11: =IFERROR(__xludf.DUMMYFUNCTION("""COMPUTED_VALUE"""),"N") -> N | R11: =IFERROR(__xludf.DUMMYFUNCTION("""COMPUTED_VALUE"""),"N") -> N | U11: =IFERROR(__xludf.DUMMYFUNCTION("""COMPUTED_VALUE"""),"Y") -> Y | V11: =IFERROR(__xludf.DUMMYFUNCTION("""COMPUTED_VALUE"""),60.0) -> 60
A12: =IFERROR(__xludf.DUMMYFUNCTION("""COMPUTED_VALUE"""),"ดอลลี่หั่น-(ลังน้ําตาล)-1kg") -> ดอลลี่หั่น-(ลังน้ําตาล)-1kg | B12: =IFERROR(__xludf.DUMMYFUNCTION("""COMPUTED_VALUE"""),10048.0) -> 10048 | C12: =IFERROR(__xludf.DUMMYFUNCTION("""COMPUTED_VALUE"""),"(S) ดอลลี่หั่น (น้ำตาล) 1kg") -> (S) ดอลลี่หั่น (น้ำตาล) 1kg | F12: =IFERROR(__xludf.DUMMYFUNCTION("""COMPUTED_VALUE"""),"N") -> N | O12: =IFERROR(__xludf.DUMMYFUNCTION("""COMPUTED_VALUE"""),10472.0) -> 10472 | P12: =IFERROR(__xludf.DUMMYFUNCTION("""COMPUTED_VALUE"""),0.1) -> 0.1 | Q12: =IFERROR(__xludf.DUMMYFUNCTION("""COMPUTED_VALUE"""),"N") -> N | R12: =IFERROR(__xludf.DUMMYFUNCTION("""COMPUTED_VALUE"""),"N") -> N | U12: =IFERROR(__xludf.DUMMYFUNCTION("""COMPUTED_VALUE"""),"Y") -> Y | V12: =IFERROR(__xludf.DUMMYFUNCTION("""COMPUTED_VALUE"""),70.0) -> 70
A13: =IFERROR(__xludf.DUMMYFUNCTION("""COMPUTED_VALUE"""),"ตะเกียบ-ตราฟินิกซ์-1ห่อ-1") -> ตะเกียบ-ตราฟินิกซ์-1ห่อ-1 | B13: =IFERROR(__xludf.DUMMYFUNCTION("""COMPUTED_VALUE"""),10134.0) -> 10134 | C13: =IFERROR(__xludf.DUMMYFUNCTION("""COMPUTED_VALUE"""),"(S) ตะเกียบ ท.พิพัฒน์") -> (S) ตะเกียบ ท.พิพัฒน์ | E13: =IFERROR(__xludf.DUMMYFUNCTION("""COMPUTED_VALUE"""),"<p>X</p>") -> <p>X</p> | F13: =IFERROR(__xludf.DUMMYFUNCTION("""COMPUTED_VALUE"""),"N") -> N | N13: =IFERROR(__xludf.DUMMYFUNCTION("""COMPUTED_VALUE"""),8.85712659513E12) -> 8857126595130 | O13: =IFERROR(__xludf.DUMMYFUNCTION("""COMPUTED_VALUE"""),10837.0) -> 10837 | P13: =IFERROR(__xludf.DUMMYFUNCTION("""COMPUTED_VALUE"""),0.025) -> 0.025 | Q13: =IFERROR(__xludf.DUMMYFUNCTION("""COMPUTED_VALUE"""),"N") -> N | R13: =IFERROR(__xludf.DUMMYFUNCTION("""COMPUTED_VALUE"""),"N") -> N | U13: =IFERROR(__xludf.DUMMYFUNCTION("""COMPUTED_VALUE"""),"Y") -> Y | V13: =IFERROR(__xludf.DUMMYFUNCTION("""COMPUTED_VALUE"""),20.0) -> 20
A14: =IFERROR(__xludf.DUMMYFUNCTION("""COMPUTED_VALUE"""),"ถงขุ่น9*14") -> ถงขุ่น9*14 | B14: =IFERROR(__xludf.DUMMYFUNCTION("""COMPUTED_VALUE"""),11558.0) -> 11558 | C14: =IFERROR(__xludf.DUMMYFUNCTION("""COMPUTED_VALUE"""),"(S) ถงขุ่น9*14") -> (S) ถงขุ่น9*14 | E14: =IFERROR(__xludf.DUMMYFUNCTION("""COMPUTED_VALUE"""),"X") -> X | F14: =IFERROR(__xludf.DUMMYFUNCTION("""COMPUTED_VALUE"""),"N") -> N | M14: =IFERROR(__xludf.DUMMYFUNCTION("""COMPUTED_VALUE"""),40.0) -> 40 | Q14: =IFERROR(__xludf.DUMMYFUNCTION("""COMPUTED_VALUE"""),"N") -> N | U14: =IFERROR(__xludf.DUMMYFUNCTION("""COMPUTED_VALUE"""),"Y") -> Y | V14: =IFERROR(__xludf.DUMMYFUNCTION("""COMPUTED_VALUE"""),45.0) -> 45
A15: =IFERROR(__xludf.DUMMYFUNCTION("""COMPUTED_VALUE"""),"ถุง-8*16-ตรานางกวัก-แพ็ค-1") -> ถุง-8*16-ตรานางกวัก-แพ็ค-1 | B15: =IFERROR(__xludf.DUMMYFUNCTION("""COMPUTED_VALUE"""),20150.0) -> 20150 | C15: =IFERROR(__xludf.DUMMYFUNCTION("""COMPUTED_VALUE"""),"(S) ถุง 10*15 pp") -> (S) ถุง 10*15 pp | D15: =IFERROR(__xludf.DUMMYFUNCTION("""COMPUTED_VALUE"""),"**ของแห้ง") -> **ของแห้ง | E15: =IFERROR(__xludf.DUMMYFUNCTION("""COMPUTED_VALUE"""),"X") -> X | F15: =IFERROR(__xludf.DUMMYFUNCTION("""COMPUTED_VALUE"""),"N") -> N | M15: =IFERROR(__xludf.DUMMYFUNCTION("""COMPUTED_VALUE"""),36.0) -> 36 | N15: =IFERROR(__xludf.DUMMYFUNCTION("""COMPUTED_VALUE"""),8.858817011243E12) -> 8858817011243 | Q15: =IFERROR(__xludf.DUMMYFUNCTION("""COMPUTED_VALUE"""),"Y") -> Y | T15: =IFERROR(__xludf.DUMMYFUNCTION("""COMPUTED_VALUE"""),0.0) -> 0 | U15: =IFERROR(__xludf.DUMMYFUNCTION("""COMPUTED_VALUE"""),"Y") -> Y | V15: =IFERROR(__xludf.DUMMYFUNCTION("""COMPUTED_VALUE"""),45.0) -> 45 | W15: =IFERROR(__xludf.DUMMYFUNCTION("""COMPUTED_VALUE"""),33.0) -> 33
A16: =IFERROR(__xludf.DUMMYFUNCTION("""COMPUTED_VALUE"""),"ถุง-12*20-ตรานางกวัก-แพ็ค-1") -> ถุง-12*20-ตรานางกวัก-แพ็ค-1 | B16: =IFERROR(__xludf.DUMMYFUNCTION("""COMPUTED_VALUE"""),20138.0) -> 20138 | C16: =IFERROR(__xludf.DUMMYFUNCTION("""COMPUTED_VALUE"""),"(S) ถุง 12*20 ตรางาช้าง") -> (S) ถุง 12*20 ตรางาช้าง | D16: =IFERROR(__xludf.DUMMYFUNCTION("""COMPUTED_VALUE"""),"**ของแห้ง") -> **ของแห้ง | E16: =IFERROR(__xludf.DUMMYFUNCTION("""COMPUTED_VALUE"""),"<p>X</p>") -> <p>X</p> | F16: =IFERROR(__xludf.DUMMYFUNCTION("""COMPUTED_VALUE"""),"N") -> N | M16: =IFERROR(__xludf.DUMMYFUNCTION("""COMPUTED_VALUE"""),41.0) -> 41 | N16: =IFERROR(__xludf.DUMMYFUNCTION("""COMPUTED_VALUE"""),8.858817019652E12) -> 8858817019652 | Q16: =IFERROR(__xludf.DUMMYFUNCTION("""COMPUTED_VALUE"""),"Y") -> Y | T16: =IFERROR(__xludf.DUMMYFUNCTION("""COMPUTED_VALUE"""),41.0) -> 41 | U16: =IFERROR(__xludf.DUMMYFUNCTION("""COMPUTED_VALUE"""),"Y") -> Y | V16: =IFERROR(__xludf.DUMMYFUNCTION("""COMPUTED_VALUE"""),45.0) -> 45 | W16: =IFERROR(__xludf.DUMMYFUNCTION("""COMPUTED_VALUE"""),30.0) -> 30 | X16: =IFERROR(__xludf.DUMMYFUNCTION("""COMPUTED_VALUE"""),4.0) -> 4
A17: =IFERROR(__xludf.DUMMYFUNCTION("""COMPUTED_VALUE"""),"ถุง-6*9") -> ถุง-6*9 | B17: =IFERROR(__xludf.DUMMYFUNCTION("""COMPUTED_VALUE"""),10694.0) -> 10694 | C17: =IFERROR(__xludf.DUMMYFUNCTION("""COMPUTED_VALUE"""),"(S) ถุง 6*9pp ฟ้า") -> (S) ถุง 6*9pp ฟ้า | D17: =IFERROR(__xludf.DUMMYFUNCTION("""COMPUTED_VALUE"""),"**ของแห้ง") -> **ของแห้ง | E17: =IFERROR(__xludf.DUMMYFUNCTION("""COMPUTED_VALUE"""),"X") -> X | F17: =IFERROR(__xludf.DUMMYFUNCTION("""COMPUTED_VALUE"""),"N") -> N | M17: =IFERROR(__xludf.DUMMYFUNCTION("""COMPUTED_VALUE"""),36.0) -> 36 | N17: =IFERROR(__xludf.DUMMYFUNCTION("""COMPUTED_VALUE"""),8.858817011151E12) -> 8858817011151 | Q17: =IFERROR(__xludf.DUMMYFUNCTION("""COMPUTED_VALUE"""),"Y") -> Y | T17: =IFERROR(__xludf.DUMMYFUNCTION("""COMPUTED_VALUE"""),0.0) -> 0 | U17: =IFERROR(__xludf.DUMMYFUNCTION("""COMPUTED_VALUE"""),"Y") -> Y | V17: =IFERROR(__xludf.DUMMYFUNCTION("""COMPUTED_VALUE"""),45.0) -> 45 | W17: =IFERROR(__xludf.DUMMYFUNCTION("""COMPUTED_VALUE"""),12.0) -> 12
A18: =IFERROR(__xludf.DUMMYFUNCTION("""COMPUTED_VALUE"""),"ถุง-20*30-ตรานางกวัก-แพ็ค-1") -> ถุง-20*30-ตรานางกวัก-แพ็ค-1 | B18: =IFERROR(__xludf.DUMMYFUNCTION("""COMPUTED_VALUE"""),20139.0) -> 20139 | C18: =IFERROR(__xludf.DUMMYFUNCTION("""COMPUTED_VALUE"""),"(S) ถุง 7*11 ppม่วง") -> (S) ถุง 7*11 ppม่วง | D18: =IFERROR(__xludf.DUMMYFUNCTION("""COMPUTED_VALUE"""),"**ของแห้ง") -> **ของแห้ง | E18: =IFERROR(__xludf.DUMMYFUNCTION("""COMPUTED_VALUE"""),"<p>X</p>") -> <p>X</p> | F18: =IFERROR(__xludf.DUMMYFUNCTION("""COMPUTED_VALUE"""),"N") -> N | M18: =IFERROR(__xludf.DUMMYFUNCTION("""COMPUTED_VALUE"""),46.0) -> 46 | N18: =IFERROR(__xludf.DUMMYFUNCTION("""COMPUTED_VALUE"""),8.858817011199E12) -> 8858817011199 | Q18: =IFERROR(__xludf.DUMMYFUNCTION("""COMPUTED_VALUE"""),"Y") -> Y | T18: =IFERROR(__xludf.DUMMYFUNCTION("""COMPUTED_VALUE"""),46.0) -> 46 | U18: =IFERROR(__xludf.DUMMYFUNCTION("""COMPUTED_VALUE"""),"Y") -> Y | V18: =IFERROR(__xludf.DUMMYFUNCTION("""COMPUTED_VALUE"""),55.0) -> 55 | W18: =IFERROR(__xludf.DUMMYFUNCTION("""COMPUTED_VALUE"""),40.0) -> 40
A19: =IFERROR(__xludf.DUMMYFUNCTION("""COMPUTED_VALUE"""),"8*12-หนา") -> 8*12-หนา | B19: =IFERROR(__xludf.DUMMYFUNCTION("""COMPUTED_VALUE"""),11351.0) -> 11351 | C19: =IFERROR(__xludf.DUMMYFUNCTION("""COMPUTED_VALUE"""),"(S) ถุง 8*12 ขุ่น") -> (S) ถุง 8*12 ขุ่น | D19: =IFERROR(__xludf.DUMMYFUNCTION("""COMPUTED_VALUE"""),"**ของแห้ง") -> **ของแห้ง | E19: =IFERROR(__xludf.DUMMYFUNCTION("""COMPUTED_VALUE"""),"X") -> X | F19: =IFERROR(__xludf.DUMMYFUNCTION("""COMPUTED_VALUE"""),"N") -> N | M19: =IFERROR(__xludf.DUMMYFUNCTION("""COMPUTED_VALUE"""),36.0) -> 36 | N19: =IFERROR(__xludf.DUMMYFUNCTION("""COMPUTED_VALUE"""),8.858817012264E12) -> 8858817012264 | Q19: =IFERROR(__xludf.DUMMYFUNCTION("""COMPUTED_VALUE"""),"Y") -> Y | T19: =IFERROR(__xludf.DUMMYFUNCTION("""COMPUTED_VALUE"""),0.0) -> 0 | U19: =IFERROR(__xludf.DUMMYFUNCTION("""COMPUTED_VALUE"""),"Y") -> Y | V19: =IFERROR(__xludf.DUMMYFUNCTION("""COMPUTED_VALUE"""),45.0) -> 45 | W19: =IFERROR(__xludf.DUMMYFUNCTION("""COMPUTED_VALUE"""),4.0) -> 4
A20: =IFERROR(__xludf.DUMMYFUNCTION("""COMPUTED_VALUE"""),"ถุง-9*14ppน้ำตาลเข้ม") -> ถุง-9*14ppน้ำตาลเข้ม | B20: =IFERROR(__xludf.DUMMYFUNCTION("""COMPUTED_VALUE"""),10695.0) -> 10695 | C20: =IFERROR(__xludf.DUMMYFUNCTION("""COMPUTED_VALUE"""),"(S) ถุง 9*14pp") -> (S) ถุง 9*14pp | D20: =IFERROR(__xludf.DUMMYFUNCTION("""COMPUTED_VALUE"""),"**ของแห้ง") -> **ของแห้ง | E20: =IFERROR(__xludf.DUMMYFUNCTION("""COMPUTED_VALUE"""),"<p>X</p>") -> <p>X</p> | F20: =IFERROR(__xludf.DUMMYFUNCTION("""COMPUTED_VALUE"""),"N") -> N | M20: =IFERROR(__xludf.DUMMYFUNCTION("""COMPUTED_VALUE"""),43.0) -> 43 | N20: =IFERROR(__xludf.DUMMYFUNCTION("""COMPUTED_VALUE"""),8.858817011236E12) -> 8858817011236 | Q20: =IFERROR(__xludf.DUMMYFUNCTION("""COMPUTED_VALUE"""),"Y") -> Y | T20: =IFERROR(__xludf.DUMMYFUNCTION("""COMPUTED_VALUE"""),0.0) -> 0 | U20: =IFERROR(__xludf.DUMMYFUNCTION("""COMPUTED_VALUE"""),"Y") -> Y | V20: =IFERROR(__xludf.DUMMYFUNCTION("""COMPUTED_VALUE"""),45.0) -> 45 | W20: =IFERROR(__xludf.DUMMYFUNCTION("""COMPUTED_VALUE"""),5.0) -> 5 | X20: =IFERROR(__xludf.DUMMYFUNCTION("""COMPUTED_VALUE"""),0.0) -> 0
A21: =IFERROR(__xludf.DUMMYFUNCTION("""COMPUTED_VALUE"""),"ถุง-9*18-ตรางาช้าง") -> ถุง-9*18-ตรางาช้าง | B21: =IFERROR(__xludf.DUMMYFUNCTION("""COMPUTED_VALUE"""),11151.0) -> 11151 | C21: =IFERROR(__xludf.DUMMYFUNCTION("""COMPUTED_VALUE"""),"(S) ถุง 9*18 ตรางาช้าง") -> (S) ถุง 9*18 ตรางาช้าง | D21: =IFERROR(__xludf.DUMMYFUNCTION("""COMPUTED_VALUE"""),"**ของแห้ง") -> **ของแห้ง | E21: =IFERROR(__xludf.DUMMYFUNCTION("""COMPUTED_VALUE"""),"X") -> X | F21: =IFERROR(__xludf.DUMMYFUNCTION("""COMPUTED_VALUE"""),"N") -> N | M21: =IFERROR(__xludf.DUMMYFUNCTION("""COMPUTED_VALUE"""),36.0) -> 36 | N21: =IFERROR(__xludf.DUMMYFUNCTION("""COMPUTED_VALUE"""),8.858817019645E12) -> 8858817019645 | Q21: =IFERROR(__xludf.DUMMYFUNCTION("""COMPUTED_VALUE"""),"Y") -> Y | T21: =IFERROR(__xludf.DUMMYFUNCTION("""COMPUTED_VALUE"""),0.0) -> 0 | U21: =IFERROR(__xludf.DUMMYFUNCTION("""COMPUTED_VALUE"""),"Y") -> Y | V21: =IFERROR(__xludf.DUMMYFUNCTION("""COMPUTED_VALUE"""),45.0) -> 45 | W21: =IFERROR(__xludf.DUMMYFUNCTION("""COMPUTED_VALUE"""),5.0) -> 5
A22: =IFERROR(__xludf.DUMMYFUNCTION("""COMPUTED_VALUE"""),"ถุง-นางกวัก-8*15-แพ็ค") -> ถุง-นางกวัก-8*15-แพ็ค | B22: =IFERROR(__xludf.DUMMYFUNCTION("""COMPUTED_VALUE"""),10473.0) -> 10473 | C22: =IFERROR(__xludf.DUMMYFUNCTION("""COMPUTED_VALUE"""),"(S) ถุง นางกวัก 8*15 แพ็ค") -> (S) ถุง นางกวัก 8*15 แพ็ค | D22: =IFERROR(__xludf.DUMMYFUNCTION("""COMPUTED_VALUE"""),"**ของแห้ง") -> **ของแห้ง | E22: =IFERROR(__xludf.DUMMYFUNCTION("""COMPUTED_VALUE"""),"X") -> X | F22: =IFERROR(__xludf.DUMMYFUNCTION("""COMPUTED_VALUE"""),"N") -> N | M22: =IFERROR(__xludf.DUMMYFUNCTION("""COMPUTED_VALUE"""),22.0) -> 22 | N22: =IFERROR(__xludf.DUMMYFUNCTION("""COMPUTED_VALUE"""),8.859052000047E12) -> 8859052000047 | Q22: =IFERROR(__xludf.DUMMYFUNCTION("""COMPUTED_VALUE"""),"Y") -> Y | T22: =IFERROR(__xludf.DUMMYFUNCTION("""COMPUTED_VALUE"""),0.0) -> 0 | U22: =IFERROR(__xludf.DUMMYFUNCTION("""COMPUTED_VALUE"""),"Y") -> Y | V22: =IFERROR(__xludf.DUMMYFUNCTION("""COMPUTED_VALUE"""),25.0) -> 25 | W22: =IFERROR(__xludf.DUMMYFUNCTION("""COMPUTED_VALUE"""),20.0) -> 20
A23: =IFERROR(__xludf.DUMMYFUNCTION("""COMPUTED_VALUE"""),"ถุง10*15-ขุ่น") -> ถุง10*15-ขุ่น | B23: =IFERROR(__xludf.DUMMYFUNCTION("""COMPUTED_VALUE"""),11583.0) -> 11583 | C23: =IFERROR(__xludf.DUMMYFUNCTION("""COMPUTED_VALUE"""),"(S) ถุง10*15 ขุ่น") -> (S) ถุง10*15 ขุ่น | E23: =IFERROR(__xludf.DUMMYFUNCTION("""COMPUTED_VALUE"""),"X") -> X | F23: =IFERROR(__xludf.DUMMYFUNCTION("""COMPUTED_VALUE"""),"N") -> N | M23: =IFERROR(__xludf.DUMMYFUNCTION("""COMPUTED_VALUE"""),40.0) -> 40 | Q23: =IFERROR(__xludf.DUMMYFUNCTION("""COMPUTED_VALUE"""),"N") -> N | U23: =IFERROR(__xludf.DUMMYFUNCTION("""COMPUTED_VALUE"""),"Y") -> Y | V23: =IFERROR(__xludf.DUMMYFUNCTION("""COMPUTED_VALUE"""),45.0) -> 45
A24: =IFERROR(__xludf.DUMMYFUNCTION("""COMPUTED_VALUE"""),"ถุง9*14ขุ่น") -> ถุง9*14ขุ่น | B24: =IFERROR(__xludf.DUMMYFUNCTION("""COMPUTED_VALUE"""),11559.0) -> 11559 | C24: =IFERROR(__xludf.DUMMYFUNCTION("""COMPUTED_VALUE"""),"(S) ถุง9*14ขุ่น") -> (S) ถุง9*14ขุ่น | D24: =IFERROR(__xludf.DUMMYFUNCTION("""COMPUTED_VALUE"""),"**ของแห้ง") -> **ของแห้ง | E24: =IFERROR(__xludf.DUMMYFUNCTION("""COMPUTED_VALUE"""),"<p>X</p>") -> <p>X</p> | F24: =IFERROR(__xludf.DUMMYFUNCTION("""COMPUTED_VALUE"""),"N") -> N | M24: =IFERROR(__xludf.DUMMYFUNCTION("""COMPUTED_VALUE"""),45.4) -> 45.4 | N24: =IFERROR(__xludf.DUMMYFUNCTION("""COMPUTED_VALUE"""),8.858817012271E12) -> 8858817012271 | Q24: =IFERROR(__xludf.DUMMYFUNCTION("""COMPUTED_VALUE"""),"Y") -> Y | T24: =IFERROR(__xludf.DUMMYFUNCTION("""COMPUTED_VALUE"""),0.0) -> 0 | U24: =IFERROR(__xludf.DUMMYFUNCTION("""COMPUTED_VALUE"""),"Y") -> Y | V24: =IFERROR(__xludf.DUMMYFUNCTION("""COMPUTED_VALUE"""),55.0) -> 55 | W24: =IFERROR(__xludf.DUMMYFUNCTION("""COMPUTED_VALUE"""),50.0) -> 50
A25: =IFERROR(__xludf.DUMMYFUNCTION("""COMPUTED_VALUE"""),"ถุง-16*/26") -> ถุง-16*/26 | B25: =IFERROR(__xludf.DUMMYFUNCTION("""COMPUTED_VALUE"""),11384.0) -> 11384 | C25: =IFERROR(__xludf.DUMMYFUNCTION("""COMPUTED_VALUE"""),"(S) ถุงLL 14*22สีส้ม500g") -> (S) ถุงLL 14*22สีส้ม500g | E25: =IFERROR(__xludf.DUMMYFUNCTION("""COMPUTED_VALUE"""),"<p>X</p>") -> <p>X</p> | F25: =IFERROR(__xludf.DUMMYFUNCTION("""COMPUTED_VALUE"""),"N") -> N | M25: =IFERROR(__xludf.DUMMYFUNCTION("""COMPUTED_VALUE"""),46.0) -> 46 | N25: =IFERROR(__xludf.DUMMYFUNCTION("""COMPUTED_VALUE"""),8.858817012738E12) -> 8858817012738 | Q25: =IFERROR(__xludf.DUMMYFUNCTION("""COMPUTED_VALUE"""),"N") -> N | U25: =IFERROR(__xludf.DUMMYFUNCTION("""COMPUTED_VALUE"""),"Y") -> Y | V25: =IFERROR(__xludf.DUMMYFUNCTION("""COMPUTED_VALUE"""),55.0) -> 55
A26: =IFERROR(__xludf.DUMMYFUNCTION("""COMPUTED_VALUE"""),"ถุงหนา8*16") -> ถุงหนา8*16 | B26: =IFERROR(__xludf.DUMMYFUNCTION("""COMPUTED_VALUE"""),11360.0) -> 11360 | C26: =IFERROR(__xludf.DUMMYFUNCTION("""COMPUTED_VALUE"""),"(S) ถุงหนา8*16") -> (S) ถุงหนา8*16 | E26: =IFERROR(__xludf.DUMMYFUNCTION("""COMPUTED_VALUE"""),"X") -> X | F26: =IFERROR(__xludf.DUMMYFUNCTION("""COMPUTED_VALUE"""),"N") -> N | M26: =IFERROR(__xludf.DUMMYFUNCTION("""COMPUTED_VALUE"""),36.0) -> 36 | N26: =IFERROR(__xludf.DUMMYFUNCTION("""COMPUTED_VALUE"""),8.858817019638E12) -> 8858817019638 | Q26: =IFERROR(__xludf.DUMMYFUNCTION("""COMPUTED_VALUE"""),"N") -> N | U26: =IFERROR(__xludf.DUMMYFUNCTION("""COMPUTED_VALUE"""),"Y") -> Y | V26: =IFERROR(__xludf.DUMMYFUNCTION("""COMPUTED_VALUE"""),45.0) -> 45
A27: =IFERROR(__xludf.DUMMYFUNCTION("""COMPUTED_VALUE"""),"ถุงหูหิ้ว-12*20-แพ็ค") -> ถุงหูหิ้ว-12*20-แพ็ค | B27: =IFERROR(__xludf.DUMMYFUNCTION("""COMPUTED_VALUE"""),10475.0) -> 10475 | C27: =IFERROR(__xludf.DUMMYFUNCTION("""COMPUTED_VALUE"""),"(S) ถุงหิ้ว12*20 ตราส้ม(บาง)") -> (S) ถุงหิ้ว12*20 ตราส้ม(บาง) | D27: =IFERROR(__xludf.DUMMYFUNCTION("""COMPUTED_VALUE"""),"**ของแห้ง") -> **ของแห้ง | E27: =IFERROR(__xludf.DUMMYFUNCTION("""COMPUTED_VALUE"""),"<p>X</p>") -> <p>X</p> | F27: =IFERROR(__xludf.DUMMYFUNCTION("""COMPUTED_VALUE"""),"N") -> N | M27: =IFERROR(__xludf.DUMMYFUNCTION("""COMPUTED_VALUE"""),36.29) -> 36.29 | N27: =IFERROR(__xludf.DUMMYFUNCTION("""COMPUTED_VALUE"""),8.858678310059E12) -> 8858678310059 | Q27: =IFERROR(__xludf.DUMMYFUNCTION("""COMPUTED_VALUE"""),"Y") -> Y | T27: =IFERROR(__xludf.DUMMYFUNCTION("""COMPUTED_VALUE"""),36.29) -> 36.29 | U27: =IFERROR(__xludf.DUMMYFUNCTION("""COMPUTED_VALUE"""),"Y") -> Y | V27: =IFERROR(__xludf.DUMMYFUNCTION("""COMPUTED_VALUE"""),45.0) -> 45 | W27: =IFERROR(__xludf.DUMMYFUNCTION("""COMPUTED_VALUE"""),61.0) -> 61 | X27: =IFERROR(__xludf.DUMMYFUNCTION("""COMPUTED_VALUE"""),0.0) -> 0
A28: =IFERROR(__xludf.DUMMYFUNCTION("""COMPUTED_VALUE"""),"ถุงหูหิ้ว-6*14") -> ถุงหูหิ้ว-6*14 | B28: =IFERROR(__xludf.DUMMYFUNCTION("""COMPUTED_VALUE"""),10497.0) -> 10497 | C28: =IFERROR(__xludf.DUMMYFUNCTION("""COMPUTED_VALUE"""),"(S) ถุงหูหิ้ว 6*14มิสแฮปปี้") -> (S) ถุงหูหิ้ว 6*14มิสแฮปปี้ | D28: =IFERROR(__xludf.DUMMYFUNCTION("""COMPUTED_VALUE"""),"**ของแห้ง") -> **ของแห้ง | E28: =IFERROR(__xludf.DUMMYFUNCTION("""COMPUTED_VALUE"""),"X") -> X | F28: =IFERROR(__xludf.DUMMYFUNCTION("""COMPUTED_VALUE"""),"N") -> N | M28: =IFERROR(__xludf.DUMMYFUNCTION("""COMPUTED_VALUE"""),10.0) -> 10 | N28: =IFERROR(__xludf.DUMMYFUNCTION("""COMPUTED_VALUE"""),8.858746105396E12) -> 8858746105396 | Q28: =IFERROR(__xludf.DUMMYFUNCTION("""COMPUTED_VALUE"""),"Y") -> Y | T28: =IFERROR(__xludf.DUMMYFUNCTION("""COMPUTED_VALUE"""),0.0) -> 0 | U28: =IFERROR(__xludf.DUMMYFUNCTION("""COMPUTED_VALUE"""),"Y") -> Y | V28: =IFERROR(__xludf.DUMMYFUNCTION("""COMPUTED_VALUE"""),15.0) -> 15 | W28: =IFERROR(__xludf.DUMMYFUNCTION("""COMPUTED_VALUE"""),1.0) -> 1
A29: =IFERROR(__xludf.DUMMYFUNCTION("""COMPUTED_VALUE"""),"ถุงหูหิ้ว-7*15") -> ถุงหูหิ้ว-7*15 | B29: =IFERROR(__xludf.DUMMYFUNCTION("""COMPUTED_VALUE"""),10495.0) -> 10495 | C29: =IFERROR(__xludf.DUMMYFUNCTION("""COMPUTED_VALUE"""),"(S) ถุงหูหิ้ว 7*15ตราส้ม") -> (S) ถุงหูหิ้ว 7*15ตราส้ม | D29: =IFERROR(__xludf.DUMMYFUNCTION("""COMPUTED_VALUE"""),"**ของแห้ง") -> **ของแห้ง | E29: =IFERROR(__xludf.DUMMYFUNCTION("""COMPUTED_VALUE"""),"X") -> X | F29: =IFERROR(__xludf.DUMMYFUNCTION("""COMPUTED_VALUE"""),"N") -> N | M29: =IFERROR(__xludf.DUMMYFUNCTION("""COMPUTED_VALUE"""),10.5) -> 10.5 | N29: =IFERROR(__xludf.DUMMYFUNCTION("""COMPUTED_VALUE"""),8.858678310066E12) -> 8858678310066 | Q29: =IFERROR(__xludf.DUMMYFUNCTION("""COMPUTED_VALUE"""),"Y") -> Y | T29: =IFERROR(__xludf.DUMMYFUNCTION("""COMPUTED_VALUE"""),0.0) -> 0 | U29: =IFERROR(__xludf.DUMMYFUNCTION("""COMPUTED_VALUE"""),"Y") -> Y | V29: =IFERROR(__xludf.DUMMYFUNCTION("""COMPUTED_VALUE"""),15.0) -> 15 | W29: =IFERROR(__xludf.DUMMYFUNCTION("""COMPUTED_VALUE"""),3.0) -> 3
A30: =IFERROR(__xludf.DUMMYFUNCTION("""COMPUTED_VALUE"""),"ถุงหูหิ้ว-7*15ตราเด็ก") -> ถุงหูหิ้ว-7*15ตราเด็ก | B30: =IFERROR(__xludf.DUMMYFUNCTION("""COMPUTED_VALUE"""),11011.0) -> 11011 | C30: =IFERROR(__xludf.DUMMYFUNCTION("""COMPUTED_VALUE"""),"(S) ถุงหูหิ้ว 7*15ตราเด็ก") -> (S) ถุงหูหิ้ว 7*15ตราเด็ก | D30: =IFERROR(__xludf.DUMMYFUNCTION("""COMPUTED_VALUE"""),"**ของแห้ง") -> **ของแห้ง | E30: =IFERROR(__xludf.DUMMYFUNCTION("""COMPUTED_VALUE"""),"X") -> X | F30: =IFERROR(__xludf.DUMMYFUNCTION("""COMPUTED_VALUE"""),"N") -> N | M30: =IFERROR(__xludf.DUMMYFUNCTION("""COMPUTED_VALUE"""),22.0) -> 22 | N30: =IFERROR(__xludf.DUMMYFUNCTION("""COMPUTED_VALUE"""),8.8588711119282E13) -> 88588711119282 | Q30: =IFERROR(__xludf.DUMMYFUNCTION("""COMPUTED_VALUE"""),"Y") -> Y | T30: =IFERROR(__xludf.DUMMYFUNCTION("""COMPUTED_VALUE"""),0.0) -> 0 | U30: =IFERROR(__xludf.DUMMYFUNCTION("""COMPUTED_VALUE"""),"Y") -> Y | V30: =IFERROR(__xludf.DUMMYFUNCTION("""COMPUTED_VALUE"""),27.0) -> 27 | W30: =IFERROR(__xludf.DUMMYFUNCTION("""COMPUTED_VALUE"""),1.0) -> 1
A31: =IFERROR(__xludf.DUMMYFUNCTION("""COMPUTED_VALUE"""),"ถุงหูหิ้ว-9*18--ตราเด็ก") -> ถุงหูหิ้ว-9*18--ตราเด็ก | B31: =IFERROR(__xludf.DUMMYFUNCTION("""COMPUTED_VALUE"""),11012.0) -> 11012 | C31: =IFERROR(__xludf.DUMMYFUNCTION("""COMPUTED_VALUE"""),"(S) ถุงหูหิ้ว 9*18 ตรามิสแฮปปี้") -> (S) ถุงหูหิ้ว 9*18 ตรามิสแฮปปี้ | D31: =IFERROR(__xludf.DUMMYFUNCTION("""COMPUTED_VALUE"""),"**ของแห้ง") -> **ของแห้ง | E31: =IFERROR(__xludf.DUMMYFUNCTION("""COMPUTED_VALUE"""),"X") -> X | F31: =IFERROR(__xludf.DUMMYFUNCTION("""COMPUTED_VALUE"""),"N") -> N | M31: =IFERROR(__xludf.DUMMYFUNCTION("""COMPUTED_VALUE"""),22.0) -> 22 | N31: =IFERROR(__xludf.DUMMYFUNCTION("""COMPUTED_VALUE"""),8.858746105419E12) -> 8858746105419 | Q31: =IFERROR(__xludf.DUMMYFUNCTION("""COMPUTED_VALUE"""),"Y") -> Y | T31: =IFERROR(__xludf.DUMMYFUNCTION("""COMPUTED_VALUE"""),0.0) -> 0 | U31: =IFERROR(__xludf.DUMMYFUNCTION("""COMPUTED_VALUE"""),"Y") -> Y | V31: =IFERROR(__xludf.DUMMYFUNCTION("""COMPUTED_VALUE"""),30.0) -> 30 | W31: =IFERROR(__xludf.DUMMYFUNCTION("""COMPUTED_VALUE"""),16.0) -> 16
A32: =IFERROR(__xludf.DUMMYFUNCTION("""COMPUTED_VALUE"""),"ถุงแกง-7*11") -> ถุงแกง-7*11 | B32: =IFERROR(__xludf.DUMMYFUNCTION("""COMPUTED_VALUE"""),10520.0) -> 10520 | C32: =IFERROR(__xludf.DUMMYFUNCTION("""COMPUTED_VALUE"""),"(S) ถุงแกง 7*11 ตราดาว") -> (S) ถุงแกง 7*11 ตราดาว | D32: =IFERROR(__xludf.DUMMYFUNCTION("""COMPUTED_VALUE"""),"**ของแห้ง") -> **ของแห้ง | E32: =IFERROR(__xludf.DUMMYFUNCTION("""COMPUTED_VALUE"""),"X") -> X | F32: =IFERROR(__xludf.DUMMYFUNCTION("""COMPUTED_VALUE"""),"N") -> N | M32: =IFERROR(__xludf.DUMMYFUNCTION("""COMPUTED_VALUE"""),34.0) -> 34 | N32: =IFERROR(__xludf.DUMMYFUNCTION("""COMPUTED_VALUE"""),8.859085900666E12) -> 8859085900666 | Q32: =IFERROR(__xludf.DUMMYFUNCTION("""COMPUTED_VALUE"""),"Y") -> Y | T32: =IFERROR(__xludf.DUMMYFUNCTION("""COMPUTED_VALUE"""),0.0) -> 0 | U32: =IFERROR(__xludf.DUMMYFUNCTION("""COMPUTED_VALUE"""),"Y") -> Y | V32: =IFERROR(__xludf.DUMMYFUNCTION("""COMPUTED_VALUE"""),45.0) -> 45 | W32: =IFERROR(__xludf.DUMMYFUNCTION("""COMPUTED_VALUE"""),37.0) -> 37 | X32: =IFERROR(__xludf.DUMMYFUNCTION("""COMPUTED_VALUE"""),10.0) -> 10
A33: =IFERROR(__xludf.DUMMYFUNCTION("""COMPUTED_VALUE"""),"ถุงแกง-8*12") -> ถุงแกง-8*12 | B33: =IFERROR(__xludf.DUMMYFUNCTION("""COMPUTED_VALUE"""),10474.0) -> 10474 | C33: =IFERROR(__xludf.DUMMYFUNCTION("""COMPUTED_VALUE"""),"(S) ถุงแกง 8*12 pp น้ำตาล") -> (S) ถุงแกง 8*12 pp น้ำตาล | D33: =IFERROR(__xludf.DUMMYFUNCTION("""COMPUTED_VALUE"""),"**ของแห้ง") -> **ของแห้ง | E33: =IFERROR(__xludf.DUMMYFUNCTION("""COMPUTED_VALUE"""),"X") -> X | F33: =IFERROR(__xludf.DUMMYFUNCTION("""COMPUTED_VALUE"""),"N") -> N | M33: =IFERROR(__xludf.DUMMYFUNCTION("""COMPUTED_VALUE"""),33.0) -> 33 | N33: =IFERROR(__xludf.DUMMYFUNCTION("""COMPUTED_VALUE"""),8.858817011212E12) -> 8858817011212 | Q33: =IFERROR(__xludf.DUMMYFUNCTION("""COMPUTED_VALUE"""),"Y") -> Y | T33: =IFERROR(__xludf.DUMMYFUNCTION("""COMPUTED_VALUE"""),0.0) -> 0 | U33: =IFERROR(__xludf.DUMMYFUNCTION("""COMPUTED_VALUE"""),"Y") -> Y | V33: =IFERROR(__xludf.DUMMYFUNCTION("""COMPUTED_VALUE"""),45.0) -> 45 | W33: =IFERROR(__xludf.DUMMYFUNCTION("""COMPUTED_VALUE"""),33.0) -> 33
A34: =IFERROR(__xludf.DUMMYFUNCTION("""COMPUTED_VALUE"""),"น้ำจิ้มชีฟู้ด") -> น้ำจิ้มชีฟู้ด | B34: =IFERROR(__xludf.DUMMYFUNCTION("""COMPUTED_VALUE"""),10015.0) -> 10015 | C34: =IFERROR(__xludf.DUMMYFUNCTION("""COMPUTED_VALUE"""),"(S) น้ำจิ้มซีฟู้ดฝาเขียว") -> (S) น้ำจิ้มซีฟู้ดฝาเขียว | F34: =IFERROR(__xludf.DUMMYFUNCTION("""COMPUTED_VALUE"""),"N") -> N | M34: =IFERROR(__xludf.DUMMYFUNCTION("""COMPUTED_VALUE"""),20.0) -> 20 | Q34: =IFERROR(__xludf.DUMMYFUNCTION("""COMPUTED_VALUE"""),"N") -> N | U34: =IFERROR(__xludf.DUMMYFUNCTION("""COMPUTED_VALUE"""),"Y") -> Y | V34: =IFERROR(__xludf.DUMMYFUNCTION("""COMPUTED_VALUE"""),30.0) -> 30
A35: =IFERROR(__xludf.DUMMYFUNCTION("""COMPUTED_VALUE"""),"น้ำตาลทรายแดง(วังขนาย)1,000กรัม") -> น้ำตาลทรายแดง(วังขนาย)1,000กรัม | B35: =IFERROR(__xludf.DUMMYFUNCTION("""COMPUTED_VALUE"""),11529.0) -> 11529 | C35: =IFERROR(__xludf.DUMMYFUNCTION("""COMPUTED_VALUE"""),"(S) น้ำตาลทรายแดง(วังขนาย)1,000กรัม") -> (S) น้ำตาลทรายแดง(วังขนาย)1,000กรัม | E35: =IFERROR(__xludf.DUMMYFUNCTION("""COMPUTED_VALUE"""),"X") -> X | F35: =IFERROR(__xludf.DUMMYFUNCTION("""COMPUTED_VALUE"""),"N") -> N | M35: =IFERROR(__xludf.DUMMYFUNCTION("""COMPUTED_VALUE"""),26.0) -> 26 | Q35: =IFERROR(__xludf.DUMMYFUNCTION("""COMPUTED_VALUE"""),"N") -> N | U35: =IFERROR(__xludf.DUMMYFUNCTION("""COMPUTED_VALUE"""),"Y") -> Y | V35: =IFERROR(__xludf.DUMMYFUNCTION("""COMPUTED_VALUE"""),35.0) -> 35
A36: =IFERROR(__xludf.DUMMYFUNCTION("""COMPUTED_VALUE"""),"น้ำมะนาวฟ้าไทย-1000ml") -> น้ำมะนาวฟ้าไทย-1000ml | B36: =IFERROR(__xludf.DUMMYFUNCTION("""COMPUTED_VALUE"""),10589.0) -> 10589 | C36: =IFERROR(__xludf.DUMMYFUNCTION("""COMPUTED_VALUE"""),"(S) น้ำมะนาวฟ้าไทย 1000ml") -> (S) น้ำมะนาวฟ้าไทย 1000ml | D36: =IFERROR(__xludf.DUMMYFUNCTION("""COMPUTED_VALUE"""),"**เครื่องปรุง") -> **เครื่องปรุง | E36: =IFERROR(__xludf.DUMMYFUNCTION("""COMPUTED_VALUE"""),"<p>X</p>") -> <p>X</p> | F36: =IFERROR(__xludf.DUMMYFUNCTION("""COMPUTED_VALUE"""),"N") -> N | M36: =IFERROR(__xludf.DUMMYFUNCTION("""COMPUTED_VALUE"""),21.67) -> 21.67 | N36: =IFERROR(__xludf.DUMMYFUNCTION("""COMPUTED_VALUE"""),8.854334002436E12) -> 8854334002436 | Q36: =IFERROR(__xludf.DUMMYFUNCTION("""COMPUTED_VALUE"""),"Y") -> Y | T36: =IFERROR(__xludf.DUMMYFUNCTION("""COMPUTED_VALUE"""),21.67) -> 21.67 | U36: =IFERROR(__xludf.DUMMYFUNCTION("""COMPUTED_VALUE"""),"Y") -> Y | V36: =IFERROR(__xludf.DUMMYFUNCTION("""COMPUTED_VALUE"""),25.0) -> 25 | W36: =IFERROR(__xludf.DUMMYFUNCTION("""COMPUTED_VALUE"""),0.0) -> 0
A37: =IFERROR(__xludf.DUMMYFUNCTION("""COMPUTED_VALUE"""),"น้ำมะนาวฟ้าไทย-300มล") -> น้ำมะนาวฟ้าไทย-300มล | B37: =IFERROR(__xludf.DUMMYFUNCTION("""COMPUTED_VALUE"""),11196.0) -> 11196 | C37: =IFERROR(__xludf.DUMMYFUNCTION("""COMPUTED_VALUE"""),"(S) น้ำมะนาวฟ้าไทย 300มล") -> (S) น้ำมะนาวฟ้าไทย 300มล | D37: =IFERROR(__xludf.DUMMYFUNCTION("""COMPUTED_VALUE"""),"**เครื่องปรุง") -> **เครื่องปรุง | E37: =IFERROR(__xludf.DUMMYFUNCTION("""COMPUTED_VALUE"""),"X") -> X | F37: =IFERROR(__xludf.DUMMYFUNCTION("""COMPUTED_VALUE"""),"N") -> N | M37: =IFERROR(__xludf.DUMMYFUNCTION("""COMPUTED_VALUE"""),7.9) -> 7.9 | N37: =IFERROR(__xludf.DUMMYFUNCTION("""COMPUTED_VALUE"""),8.854334005024E12) -> 8854334005024 | Q37: =IFERROR(__xludf.DUMMYFUNCTION("""COMPUTED_VALUE"""),"Y") -> Y | T37: =IFERROR(__xludf.DUMMYFUNCTION("""COMPUTED_VALUE"""),0.0) -> 0 | U37: =IFERROR(__xludf.DUMMYFUNCTION("""COMPUTED_VALUE"""),"Y") -> Y | V37: =IFERROR(__xludf.DUMMYFUNCTION("""COMPUTED_VALUE"""),15.0) -> 15 | W37: =IFERROR(__xludf.DUMMYFUNCTION("""COMPUTED_VALUE"""),0.0) -> 0 | X37: =IFERROR(__xludf.DUMMYFUNCTION("""COMPUTED_VALUE"""),0.0) -> 0
A38: =IFERROR(__xludf.DUMMYFUNCTION("""COMPUTED_VALUE"""),"น้ำปลาแท้ทิพรส-เหลือง-700ml") -> น้ำปลาแท้ทิพรส-เหลือง-700ml | B38: =IFERROR(__xludf.DUMMYFUNCTION("""COMPUTED_VALUE"""),10656.0) -> 10656 | C38: =IFERROR(__xludf.DUMMYFUNCTION("""COMPUTED_VALUE"""),"(S) น้ําปลา ทิพรส 700ml") -> (S) น้ําปลา ทิพรส 700ml | D38: =IFERROR(__xludf.DUMMYFUNCTION("""COMPUTED_VALUE"""),"**เครื่องปรุง") -> **เครื่องปรุง | E38: =IFERROR(__xludf.DUMMYFUNCTION("""COMPUTED_VALUE"""),"<p>X</p>") -> <p>X</p> | F38: =IFERROR(__xludf.DUMMYFUNCTION("""COMPUTED_VALUE"""),"N") -> N | M38: =IFERROR(__xludf.DUMMYFUNCTION("""COMPUTED_VALUE"""),28.77) -> 28.77 | N38: =IFERROR(__xludf.DUMMYFUNCTION("""COMPUTED_VALUE"""),8.850545777552E12) -> 8850545777552 | Q38: =IFERROR(__xludf.DUMMYFUNCTION("""COMPUTED_VALUE"""),"Y") -> Y | T38: =IFERROR(__xludf.DUMMYFUNCTION("""COMPUTED_VALUE"""),0.0) -> 0 | U38: =IFERROR(__xludf.DUMMYFUNCTION("""COMPUTED_VALUE"""),"Y") -> Y | V38: =IFERROR(__xludf.DUMMYFUNCTION("""COMPUTED_VALUE"""),35.0) -> 35 | W38: =IFERROR(__xludf.DUMMYFUNCTION("""COMPUTED_VALUE"""),-1.0) -> -1
A39: =IFERROR(__xludf.DUMMYFUNCTION("""COMPUTED_VALUE"""),"บะหมี่หยก-500g") -> บะหมี่หยก-500g | B39: =IFERROR(__xludf.DUMMYFUNCTION("""COMPUTED_VALUE"""),11255.0) -> 11255 | C39: =IFERROR(__xludf.DUMMYFUNCTION("""COMPUTED_VALUE"""),"(S) บะหมี่หยก 500g") -> (S) บะหมี่หยก 500g | D39: =IFERROR(__xludf.DUMMYFUNCTION("""COMPUTED_VALUE"""),"**เครื่องดื่ม") -> **เครื่องดื่ม | E39: =IFERROR(__xludf.DUMMYFUNCTION("""COMPUTED_VALUE"""),"<p>รุ่งโรจน์ (พุธ เสาร์)</p>") -> <p>รุ่งโรจน์ (พุธ เสาร์)</p> | F39: =IFERROR(__xludf.DUMMYFUNCTION("""COMPUTED_VALUE"""),"N") -> N | M39: =IFERROR(__xludf.DUMMYFUNCTION("""COMPUTED_VALUE"""),23.0) -> 23 | Q39: =IFERROR(__xludf.DUMMYFUNCTION("""COMPUTED_VALUE"""),"Y") -> Y | T39: =IFERROR(__xludf.DUMMYFUNCTION("""COMPUTED_VALUE"""),23.0) -> 23 | U39: =IFERROR(__xludf.DUMMYFUNCTION("""COMPUTED_VALUE"""),"Y") -> Y | V39: =IFERROR(__xludf.DUMMYFUNCTION("""COMPUTED_VALUE"""),30.0) -> 30 | W39: =IFERROR(__xludf.DUMMYFUNCTION("""COMPUTED_VALUE"""),17.0) -> 17 | X39: =IFERROR(__xludf.DUMMYFUNCTION("""COMPUTED_VALUE"""),0.0) -> 0
A40: =IFERROR(__xludf.DUMMYFUNCTION("""COMPUTED_VALUE"""),"(s)-ปูซิ่ง-500g") -> (s)-ปูซิ่ง-500g | B40: =IFERROR(__xludf.DUMMYFUNCTION("""COMPUTED_VALUE"""),31439.0) -> 31439 | C40: =IFERROR(__xludf.DUMMYFUNCTION("""COMPUTED_VALUE"""),"(s) ปูซิ่ง 500g") -> (s) ปูซิ่ง 500g | D40: =IFERROR(__xludf.DUMMYFUNCTION("""COMPUTED_VALUE"""),"TMP") -> TMP | E40: =IFERROR(__xludf.DUMMYFUNCTION("""COMPUTED_VALUE"""),"X") -> X | F40: =IFERROR(__xludf.DUMMYFUNCTION("""COMPUTED_VALUE"""),"N") -> N | O40: =IFERROR(__xludf.DUMMYFUNCTION("""COMPUTED_VALUE"""),11439.0) -> 11439 | P40: =IFERROR(__xludf.DUMMYFUNCTION("""COMPUTED_VALUE"""),1.0) -> 1 | Q40: =IFERROR(__xludf.DUMMYFUNCTION("""COMPUTED_VALUE"""),"N") -> N | R40: =IFERROR(__xludf.DUMMYFUNCTION("""COMPUTED_VALUE"""),"N") -> N | U40: =IFERROR(__xludf.DUMMYFUNCTION("""COMPUTED_VALUE"""),"Y") -> Y | V40: =IFERROR(__xludf.DUMMYFUNCTION("""COMPUTED_VALUE"""),69.0) -> 69
A41: =IFERROR(__xludf.DUMMYFUNCTION("""COMPUTED_VALUE"""),"(s)-ปูไลน์-500g") -> (s)-ปูไลน์-500g | B41: =IFERROR(__xludf.DUMMYFUNCTION("""COMPUTED_VALUE"""),30651.0) -> 30651 | C41: =IFERROR(__xludf.DUMMYFUNCTION("""COMPUTED_VALUE"""),"(s) ปูไลน์ 500g") -> (s) ปูไลน์ 500g | E41: =IFERROR(__xludf.DUMMYFUNCTION("""COMPUTED_VALUE"""),"X") -> X | F41: =IFERROR(__xludf.DUMMYFUNCTION("""COMPUTED_VALUE"""),"N") -> N | N41: =IFERROR(__xludf.DUMMYFUNCTION("""COMPUTED_VALUE"""),8.850016634711E12) -> 8850016634711 | O41: =IFERROR(__xludf.DUMMYFUNCTION("""COMPUTED_VALUE"""),10651.0) -> 10651 | P41: =IFERROR(__xludf.DUMMYFUNCTION("""COMPUTED_VALUE"""),1.0) -> 1 | Q41: =IFERROR(__xludf.DUMMYFUNCTION("""COMPUTED_VALUE"""),"N") -> N | R41: =IFERROR(__xludf.DUMMYFUNCTION("""COMPUTED_VALUE"""),"N") -> N | U41: =IFERROR(__xludf.DUMMYFUNCTION("""COMPUTED_VALUE"""),"Y") -> Y | V41: =IFERROR(__xludf.DUMMYFUNCTION("""COMPUTED_VALUE"""),70.0) -> 70
A42: =IFERROR(__xludf.DUMMYFUNCTION("""COMPUTED_VALUE"""),"(s)-ฟองเต้าหู้ถาด") -> (s)-ฟองเต้าหู้ถาด | B42: =IFERROR(__xludf.DUMMYFUNCTION("""COMPUTED_VALUE"""),30344.0) -> 30344 | C42: =IFERROR(__xludf.DUMMYFUNCTION("""COMPUTED_VALUE"""),"(S) ฟองเต้าหู้ถาด") -> (S) ฟองเต้าหู้ถาด | F42: =IFERROR(__xludf.DUMMYFUNCTION("""COMPUTED_VALUE"""),"N") -> N | N42: =IFERROR(__xludf.DUMMYFUNCTION("""COMPUTED_VALUE"""),6.977602060012E12) -> 6977602060012 | O42: =IFERROR(__xludf.DUMMYFUNCTION("""COMPUTED_VALUE"""),10220.0) -> 10220 | P42: =IFERROR(__xludf.DUMMYFUNCTION("""COMPUTED_VALUE"""),1.0) -> 1 | Q42: =IFERROR(__xludf.DUMMYFUNCTION("""COMPUTED_VALUE"""),"N") -> N | R42: =IFERROR(__xludf.DUMMYFUNCTION("""COMPUTED_VALUE"""),"N") -> N | U42: =IFERROR(__xludf.DUMMYFUNCTION("""COMPUTED_VALUE"""),"Y") -> Y | V42: =IFERROR(__xludf.DUMMYFUNCTION("""COMPUTED_VALUE"""),55.0) -> 55
A43: =IFERROR(__xludf.DUMMYFUNCTION("""COMPUTED_VALUE"""),"(s)-ยออุบล-ก้าวหน้า-(42)") -> (s)-ยออุบล-ก้าวหน้า-(42) | B43: =IFERROR(__xludf.DUMMYFUNCTION("""COMPUTED_VALUE"""),10023.0) -> 10023 | C43: =IFERROR(__xludf.DUMMYFUNCTION("""COMPUTED_VALUE"""),"(S) ยออุบล-ก้าวหน้า (42)") -> (S) ยออุบล-ก้าวหน้า (42) | F43: =IFERROR(__xludf.DUMMYFUNCTION("""COMPUTED_VALUE"""),"N") -> N | M43: =IFERROR(__xludf.DUMMYFUNCTION("""COMPUTED_VALUE"""),35.0) -> 35 | Q43: =IFERROR(__xludf.DUMMYFUNCTION("""COMPUTED_VALUE"""),"Y") -> Y | T43: =IFERROR(__xludf.DUMMYFUNCTION("""COMPUTED_VALUE"""),35.0) -> 35 | U43: =IFERROR(__xludf.DUMMYFUNCTION("""COMPUTED_VALUE"""),"Y") -> Y | V43: =IFERROR(__xludf.DUMMYFUNCTION("""COMPUTED_VALUE"""),42.0) -> 42 | W43: =IFERROR(__xludf.DUMMYFUNCTION("""COMPUTED_VALUE"""),40.0) -> 40
A44: =IFERROR(__xludf.DUMMYFUNCTION("""COMPUTED_VALUE"""),"(s)-ยำสาหร่าย1kg") -> (s)-ยำสาหร่าย1kg | B44: =IFERROR(__xludf.DUMMYFUNCTION("""COMPUTED_VALUE"""),31006.0) -> 31006 | C44: =IFERROR(__xludf.DUMMYFUNCTION("""COMPUTED_VALUE"""),"(s) ยำสาหร่าย แพ็ค 1kg") -> (s) ยำสาหร่าย แพ็ค 1kg | E44: =IFERROR(__xludf.DUMMYFUNCTION("""COMPUTED_VALUE"""),"<p>X</p>") -> <p>X</p> | F44: =IFERROR(__xludf.DUMMYFUNCTION("""COMPUTED_VALUE"""),"N") -> N | O44: =IFERROR(__xludf.DUMMYFUNCTION("""COMPUTED_VALUE"""),11006.0) -> 11006 | P44: =IFERROR(__xludf.DUMMYFUNCTION("""COMPUTED_VALUE"""),1.0) -> 1 | Q44: =IFERROR(__xludf.DUMMYFUNCTION("""COMPUTED_VALUE"""),"N") -> N | R44: =IFERROR(__xludf.DUMMYFUNCTION("""COMPUTED_VALUE"""),"N") -> N | U44: =IFERROR(__xludf.DUMMYFUNCTION("""COMPUTED_VALUE"""),"Y") -> Y | V44: =IFERROR(__xludf.DUMMYFUNCTION("""COMPUTED_VALUE"""),115.0) -> 115
A45: =IFERROR(__xludf.DUMMYFUNCTION("""COMPUTED_VALUE"""),"รสดี800กรัม") -> รสดี800กรัม | B45: =IFERROR(__xludf.DUMMYFUNCTION("""COMPUTED_VALUE"""),10910.0) -> 10910 | C45: =IFERROR(__xludf.DUMMYFUNCTION("""COMPUTED_VALUE"""),"(S) รสดี800กรัม") -> (S) รสดี800กรัม | E45: =IFERROR(__xludf.DUMMYFUNCTION("""COMPUTED_VALUE"""),"X") -> X | F45: =IFERROR(__xludf.DUMMYFUNCTION("""COMPUTED_VALUE"""),"N") -> N | M45: =IFERROR(__xludf.DUMMYFUNCTION("""COMPUTED_VALUE"""),100.0) -> 100 | Q45: =IFERROR(__xludf.DUMMYFUNCTION("""COMPUTED_VALUE"""),"N") -> N | U45: =IFERROR(__xludf.DUMMYFUNCTION("""COMPUTED_VALUE"""),"Y") -> Y | V45: =IFERROR(__xludf.DUMMYFUNCTION("""COMPUTED_VALUE"""),105.0) -> 105
A46: =IFERROR(__xludf.DUMMYFUNCTION("""COMPUTED_VALUE"""),"สันคอชาบูนมสด-1kg") -> สันคอชาบูนมสด-1kg | B46: =IFERROR(__xludf.DUMMYFUNCTION("""COMPUTED_VALUE"""),10990.0) -> 10990 | C46: =IFERROR(__xludf.DUMMYFUNCTION("""COMPUTED_VALUE"""),"(S) สันคอชาบู หมูอร่อย 1Kg") -> (S) สันคอชาบู หมูอร่อย 1Kg | D46: =IFERROR(__xludf.DUMMYFUNCTION("""COMPUTED_VALUE"""),"อร่อย") -> อร่อย | E46: =IFERROR(__xludf.DUMMYFUNCTION("""COMPUTED_VALUE"""),"<p>B</p>") -> <p>B</p> | F46: =IFERROR(__xludf.DUMMYFUNCTION("""COMPUTED_VALUE"""),"N") -> N | M46: =IFERROR(__xludf.DUMMYFUNCTION("""COMPUTED_VALUE"""),94.0) -> 94 | N46: =IFERROR(__xludf.DUMMYFUNCTION("""COMPUTED_VALUE"""),10990.0) -> 10990 | Q46: =IFERROR(__xludf.DUMMYFUNCTION("""COMPUTED_VALUE"""),"Y") -> Y | S46: =IFERROR(__xludf.DUMMYFUNCTION("""COMPUTED_VALUE"""),"หมูอร่อย") -> หมูอร่อย | T46: =IFERROR(__xludf.DUMMYFUNCTION("""COMPUTED_VALUE"""),94.0) -> 94 | U46: =IFERROR(__xludf.DUMMYFUNCTION("""COMPUTED_VALUE"""),"Y") -> Y | V46: =IFERROR(__xludf.DUMMYFUNCTION("""COMPUTED_VALUE"""),128.0) -> 128 | W46: =IFERROR(__xludf.DUMMYFUNCTION("""COMPUTED_VALUE"""),75.0) -> 75 | X46: =IFERROR(__xludf.DUMMYFUNCTION("""COMPUTED_VALUE"""),19.0) -> 19 | Y46: =IFERROR(__xludf.DUMMYFUNCTION("""COMPUTED_VALUE"""),29.0) -> 29
A47: =IFERROR(__xludf.DUMMYFUNCTION("""COMPUTED_VALUE"""),"(s)-สาหร่ายดำแห้ง-แพ็ค") -> (s)-สาหร่ายดำแห้ง-แพ็ค | B47: =IFERROR(__xludf.DUMMYFUNCTION("""COMPUTED_VALUE"""),30506.0) -> 30506 | C47: =IFERROR(__xludf.DUMMYFUNCTION("""COMPUTED_VALUE"""),"(s) สาหร่ายแผ่นกลม (ฟินิกซ์)") -> (s) สาหร่ายแผ่นกลม (ฟินิกซ์) | E47: =IFERROR(__xludf.DUMMYFUNCTION("""COMPUTED_VALUE"""),"<p>X</p>") -> <p>X</p> | F47: =IFERROR(__xludf.DUMMYFUNCTION("""COMPUTED_VALUE"""),"N") -> N | N47: =IFERROR(__xludf.DUMMYFUNCTION("""COMPUTED_VALUE"""),8.859344902196E12) -> 8859344902196 | O47: =IFERROR(__xludf.DUMMYFUNCTION("""COMPUTED_VALUE"""),10418.0) -> 10418 | P47: =IFERROR(__xludf.DUMMYFUNCTION("""COMPUTED_VALUE"""),0.05) -> 0.05 | Q47: =IFERROR(__xludf.DUMMYFUNCTION("""COMPUTED_VALUE"""),"N") -> N | R47: =IFERROR(__xludf.DUMMYFUNCTION("""COMPUTED_VALUE"""),"N") -> N | U47: =IFERROR(__xludf.DUMMYFUNCTION("""COMPUTED_VALUE"""),"N") -> N | V47: =IFERROR(__xludf.DUMMYFUNCTION("""COMPUTED_VALUE"""),20.0) -> 20
A48: =IFERROR(__xludf.DUMMYFUNCTION("""COMPUTED_VALUE"""),"สินค้า3แพ็ค100") -> สินค้า3แพ็ค100 | B48: =IFERROR(__xludf.DUMMYFUNCTION("""COMPUTED_VALUE"""),10705.0) -> 10705 | C48: =IFERROR(__xludf.DUMMYFUNCTION("""COMPUTED_VALUE"""),"(S) สินค้า3แพ็ค100") -> (S) สินค้า3แพ็ค100 | E48: =IFERROR(__xludf.DUMMYFUNCTION("""COMPUTED_VALUE"""),"X") -> X | F48: =IFERROR(__xludf.DUMMYFUNCTION("""COMPUTED_VALUE"""),"N") -> N | M48: =IFERROR(__xludf.DUMMYFUNCTION("""COMPUTED_VALUE"""),31.0) -> 31 | Q48: =IFERROR(__xludf.DUMMYFUNCTION("""COMPUTED_VALUE"""),"N") -> N | U48: =IFERROR(__xludf.DUMMYFUNCTION("""COMPUTED_VALUE"""),"Y") -> Y | V48: =IFERROR(__xludf.DUMMYFUNCTION("""COMPUTED_VALUE"""),35.0) -> 35
A49: =IFERROR(__xludf.DUMMYFUNCTION("""COMPUTED_VALUE"""),"หนังยาง-1ถุง") -> หนังยาง-1ถุง | B49: =IFERROR(__xludf.DUMMYFUNCTION("""COMPUTED_VALUE"""),10494.0) -> 10494 | C49: =IFERROR(__xludf.DUMMYFUNCTION("""COMPUTED_VALUE"""),"(S) หนังยาง 1ถุง") -> (S) หนังยาง 1ถุง | D49: =IFERROR(__xludf.DUMMYFUNCTION("""COMPUTED_VALUE"""),"**ของแห้ง") -> **ของแห้ง | E49: =IFERROR(__xludf.DUMMYFUNCTION("""COMPUTED_VALUE"""),"<p>X</p>") -> <p>X</p> | F49: =IFERROR(__xludf.DUMMYFUNCTION("""COMPUTED_VALUE"""),"N") -> N | M49: =IFERROR(__xludf.DUMMYFUNCTION("""COMPUTED_VALUE"""),54.55) -> 54.55 | N49: =IFERROR(__xludf.DUMMYFUNCTION("""COMPUTED_VALUE"""),8.857200248327E12) -> 8857200248327 | Q49: =IFERROR(__xludf.DUMMYFUNCTION("""COMPUTED_VALUE"""),"Y") -> Y | T49: =IFERROR(__xludf.DUMMYFUNCTION("""COMPUTED_VALUE"""),0.0) -> 0 | U49: =IFERROR(__xludf.DUMMYFUNCTION("""COMPUTED_VALUE"""),"Y") -> Y | V49: =IFERROR(__xludf.DUMMYFUNCTION("""COMPUTED_VALUE"""),60.0) -> 60 | W49: =IFERROR(__xludf.DUMMYFUNCTION("""COMPUTED_VALUE"""),0.0) -> 0
A50: =IFERROR(__xludf.DUMMYFUNCTION("""COMPUTED_VALUE"""),"(s)-หมึกกล้วยลอก-16/20-ถุง-5กก") -> (s)-หมึกกล้วยลอก-16/20-ถุง-5กก | B50: =IFERROR(__xludf.DUMMYFUNCTION("""COMPUTED_VALUE"""),31358.0) -> 31358 | C50: =IFERROR(__xludf.DUMMYFUNCTION("""COMPUTED_VALUE"""),"(S) หมึกกล้วย IQF แพ็ค 1 กก") -> (S) หมึกกล้วย IQF แพ็ค 1 กก | E50: =IFERROR(__xludf.DUMMYFUNCTION("""COMPUTED_VALUE"""),"<p>X</p>") -> <p>X</p> | F50: =IFERROR(__xludf.DUMMYFUNCTION("""COMPUTED_VALUE"""),"N") -> N | O50: =IFERROR(__xludf.DUMMYFUNCTION("""COMPUTED_VALUE"""),11554.0) -> 11554 | P50: =IFERROR(__xludf.DUMMYFUNCTION("""COMPUTED_VALUE"""),0.1) -> 0.1 | Q50: =IFERROR(__xludf.DUMMYFUNCTION("""COMPUTED_VALUE"""),"N") -> N | R50: =IFERROR(__xludf.DUMMYFUNCTION("""COMPUTED_VALUE"""),"N") -> N | U50: =IFERROR(__xludf.DUMMYFUNCTION("""COMPUTED_VALUE"""),"N") -> N | V50: =IFERROR(__xludf.DUMMYFUNCTION("""COMPUTED_VALUE"""),120.0) -> 120
A51: =IFERROR(__xludf.DUMMYFUNCTION("""COMPUTED_VALUE"""),"หมึกบั้งa-แพ็ค-1kg-1") -> หมึกบั้งa-แพ็ค-1kg-1 | B51: =IFERROR(__xludf.DUMMYFUNCTION("""COMPUTED_VALUE"""),10121.0) -> 10121 | C51: =IFERROR(__xludf.DUMMYFUNCTION("""COMPUTED_VALUE"""),"(S) หมึกบั้งA แพ็ค 1Kg") -> (S) หมึกบั้งA แพ็ค 1Kg | D51: =IFERROR(__xludf.DUMMYFUNCTION("""COMPUTED_VALUE"""),"**ลัง มหาชัย") -> **ลัง มหาชัย | E51: =IFERROR(__xludf.DUMMYFUNCTION("""COMPUTED_VALUE"""),"<p>1</p>") -> <p>1</p> | F51: =IFERROR(__xludf.DUMMYFUNCTION("""COMPUTED_VALUE"""),"N") -> N | M51: =IFERROR(__xludf.DUMMYFUNCTION("""COMPUTED_VALUE"""),37.95) -> 37.95 | N51: =IFERROR(__xludf.DUMMYFUNCTION("""COMPUTED_VALUE"""),10121.0) -> 10121 | Q51: =IFERROR(__xludf.DUMMYFUNCTION("""COMPUTED_VALUE"""),"Y") -> Y | S51: =IFERROR(__xludf.DUMMYFUNCTION("""COMPUTED_VALUE"""),"ขึ้นของมหาชัย") -> ขึ้นของมหาชัย | T51: =IFERROR(__xludf.DUMMYFUNCTION("""COMPUTED_VALUE"""),37.0) -> 37 | U51: =IFERROR(__xludf.DUMMYFUNCTION("""COMPUTED_VALUE"""),"Y") -> Y | V51: =IFERROR(__xludf.DUMMYFUNCTION("""COMPUTED_VALUE"""),68.0) -> 68 | W51: =IFERROR(__xludf.DUMMYFUNCTION("""COMPUTED_VALUE"""),221.0) -> 221 | X51: =IFERROR(__xludf.DUMMYFUNCTION("""COMPUTED_VALUE"""),50.0) -> 50 | Y51: =IFERROR(__xludf.DUMMYFUNCTION("""COMPUTED_VALUE"""),100.0) -> 100
A52: =IFERROR(__xludf.DUMMYFUNCTION("""COMPUTED_VALUE"""),"10305") -> 10305 | B52: =IFERROR(__xludf.DUMMYFUNCTION("""COMPUTED_VALUE"""),10305.0) -> 10305 | C52: =IFERROR(__xludf.DUMMYFUNCTION("""COMPUTED_VALUE"""),"(S) หมึกบั้งมะเฟือง 1 Kg") -> (S) หมึกบั้งมะเฟือง 1 Kg | D52: =IFERROR(__xludf.DUMMYFUNCTION("""COMPUTED_VALUE"""),"**ลัง มหาชัย") -> **ลัง มหาชัย | E52: =IFERROR(__xludf.DUMMYFUNCTION("""COMPUTED_VALUE"""),"<p>1</p>") -> <p>1</p> | F52: =IFERROR(__xludf.DUMMYFUNCTION("""COMPUTED_VALUE"""),"N") -> N | M52: =IFERROR(__xludf.DUMMYFUNCTION("""COMPUTED_VALUE"""),56.19) -> 56.19 | N52: =IFERROR(__xludf.DUMMYFUNCTION("""COMPUTED_VALUE"""),10305.0) -> 10305 | Q52: =IFERROR(__xludf.DUMMYFUNCTION("""COMPUTED_VALUE"""),"Y") -> Y | S52: =IFERROR(__xludf.DUMMYFUNCTION("""COMPUTED_VALUE"""),"ขึ้นของมหาชัย") -> ขึ้นของมหาชัย | T52: =IFERROR(__xludf.DUMMYFUNCTION("""COMPUTED_VALUE"""),55.0) -> 55 | U52: =IFERROR(__xludf.DUMMYFUNCTION("""COMPUTED_VALUE"""),"Y") -> Y | V52: =IFERROR(__xludf.DUMMYFUNCTION("""COMPUTED_VALUE"""),70.0) -> 70 | W52: =IFERROR(__xludf.DUMMYFUNCTION("""COMPUTED_VALUE"""),45.0) -> 45 | X52: =IFERROR(__xludf.DUMMYFUNCTION("""COMPUTED_VALUE"""),10.0) -> 10 | Y52: =IFERROR(__xludf.DUMMYFUNCTION("""COMPUTED_VALUE"""),60.0) -> 60
A53: =IFERROR(__xludf.DUMMYFUNCTION("""COMPUTED_VALUE"""),"หมึกวง-ลังขาวแดง-1กก") -> หมึกวง-ลังขาวแดง-1กก | B53: =IFERROR(__xludf.DUMMYFUNCTION("""COMPUTED_VALUE"""),11357.0) -> 11357 | C53: =IFERROR(__xludf.DUMMYFUNCTION("""COMPUTED_VALUE"""),"(S) หมึกวง แพ็ค 1kg(65)") -> (S) หมึกวง แพ็ค 1kg(65) | D53: =IFERROR(__xludf.DUMMYFUNCTION("""COMPUTED_VALUE"""),"**ลัง มหาชัย") -> **ลัง มหาชัย | E53: =IFERROR(__xludf.DUMMYFUNCTION("""COMPUTED_VALUE"""),"<p>1</p>") -> <p>1</p> | F53: =IFERROR(__xludf.DUMMYFUNCTION("""COMPUTED_VALUE"""),"N") -> N | M53: =IFERROR(__xludf.DUMMYFUNCTION("""COMPUTED_VALUE"""),48.55) -> 48.55 | N53: =IFERROR(__xludf.DUMMYFUNCTION("""COMPUTED_VALUE"""),11357.0) -> 11357 | Q53: =IFERROR(__xludf.DUMMYFUNCTION("""COMPUTED_VALUE"""),"Y") -> Y | S53: =IFERROR(__xludf.DUMMYFUNCTION("""COMPUTED_VALUE"""),"ขึ้นของมหาชัย") -> ขึ้นของมหาชัย | T53: =IFERROR(__xludf.DUMMYFUNCTION("""COMPUTED_VALUE"""),47.0) -> 47 | U53: =IFERROR(__xludf.DUMMYFUNCTION("""COMPUTED_VALUE"""),"Y") -> Y | V53: =IFERROR(__xludf.DUMMYFUNCTION("""COMPUTED_VALUE"""),65.0) -> 65 | W53: =IFERROR(__xludf.DUMMYFUNCTION("""COMPUTED_VALUE"""),236.0) -> 236 | X53: =IFERROR(__xludf.DUMMYFUNCTION("""COMPUTED_VALUE"""),40.0) -> 40 | Y53: =IFERROR(__xludf.DUMMYFUNCTION("""COMPUTED_VALUE"""),140.0) -> 140
A54: =IFERROR(__xludf.DUMMYFUNCTION("""COMPUTED_VALUE"""),"หมึกวงติดปีก-1kg-1") -> หมึกวงติดปีก-1kg-1 | B54: =IFERROR(__xludf.DUMMYFUNCTION("""COMPUTED_VALUE"""),10200.0) -> 10200 | C54: =IFERROR(__xludf.DUMMYFUNCTION("""COMPUTED_VALUE"""),"(S) หมึกวงติดปีก ถุง1 กก(60)") -> (S) หมึกวงติดปีก ถุง1 กก(60) | D54: =IFERROR(__xludf.DUMMYFUNCTION("""COMPUTED_VALUE"""),"**ลัง มหาชัย") -> **ลัง มหาชัย | E54: =IFERROR(__xludf.DUMMYFUNCTION("""COMPUTED_VALUE"""),"<p>1</p>") -> <p>1</p> | F54: =IFERROR(__xludf.DUMMYFUNCTION("""COMPUTED_VALUE"""),"N") -> N | M54: =IFERROR(__xludf.DUMMYFUNCTION("""COMPUTED_VALUE"""),48.02) -> 48.02 | N54: =IFERROR(__xludf.DUMMYFUNCTION("""COMPUTED_VALUE"""),10200.0) -> 10200 | Q54: =IFERROR(__xludf.DUMMYFUNCTION("""COMPUTED_VALUE"""),"Y") -> Y | S54: =IFERROR(__xludf.DUMMYFUNCTION("""COMPUTED_VALUE"""),"ขึ้นของมหาชัย") -> ขึ้นของมหาชัย | T54: =IFERROR(__xludf.DUMMYFUNCTION("""COMPUTED_VALUE"""),47.0) -> 47 | U54: =IFERROR(__xludf.DUMMYFUNCTION("""COMPUTED_VALUE"""),"Y") -> Y | V54: =IFERROR(__xludf.DUMMYFUNCTION("""COMPUTED_VALUE"""),60.0) -> 60 | W54: =IFERROR(__xludf.DUMMYFUNCTION("""COMPUTED_VALUE"""),101.0) -> 101 | X54: =IFERROR(__xludf.DUMMYFUNCTION("""COMPUTED_VALUE"""),30.0) -> 30 | Y54: =IFERROR(__xludf.DUMMYFUNCTION("""COMPUTED_VALUE"""),130.0) -> 130
A55: =IFERROR(__xludf.DUMMYFUNCTION("""COMPUTED_VALUE"""),"(s)-หมูชาบู-(หอม)-119") -> (s)-หมูชาบู-(หอม)-119 | B55: =IFERROR(__xludf.DUMMYFUNCTION("""COMPUTED_VALUE"""),10186.0) -> 10186 | C55: =IFERROR(__xludf.DUMMYFUNCTION("""COMPUTED_VALUE"""),"(S) หมูชาบู (หอม)-119") -> (S) หมูชาบู (หอม)-119 | F55: =IFERROR(__xludf.DUMMYFUNCTION("""COMPUTED_VALUE"""),"N") -> N | O55: =IFERROR(__xludf.DUMMYFUNCTION("""COMPUTED_VALUE"""),10416.0) -> 10416 | P55: =IFERROR(__xludf.DUMMYFUNCTION("""COMPUTED_VALUE"""),0.1) -> 0.1 | Q55: =IFERROR(__xludf.DUMMYFUNCTION("""COMPUTED_VALUE"""),"N") -> N | R55: =IFERROR(__xludf.DUMMYFUNCTION("""COMPUTED_VALUE"""),"N") -> N | U55: =IFERROR(__xludf.DUMMYFUNCTION("""COMPUTED_VALUE"""),"Y") -> Y | V55: =IFERROR(__xludf.DUMMYFUNCTION("""COMPUTED_VALUE"""),119.0) -> 119
A56: =IFERROR(__xludf.DUMMYFUNCTION("""COMPUTED_VALUE"""),"หมูนุ่มเบทาโกร-1-kg-1") -> หมูนุ่มเบทาโกร-1-kg-1 | B56: =IFERROR(__xludf.DUMMYFUNCTION("""COMPUTED_VALUE"""),10272.0) -> 10272 | C56: =IFERROR(__xludf.DUMMYFUNCTION("""COMPUTED_VALUE"""),"(S) หมูนุ่มเบทาโกร 1 Kg") -> (S) หมูนุ่มเบทาโกร 1 Kg | D56: =IFERROR(__xludf.DUMMYFUNCTION("""COMPUTED_VALUE"""),"**ลัง ร้อยเอ็ด") -> **ลัง ร้อยเอ็ด | E56: =IFERROR(__xludf.DUMMYFUNCTION("""COMPUTED_VALUE"""),"<p>X</p>") -> <p>X</p> | F56: =IFERROR(__xludf.DUMMYFUNCTION("""COMPUTED_VALUE"""),"N") -> N | M56: =IFERROR(__xludf.DUMMYFUNCTION("""COMPUTED_VALUE"""),80.0) -> 80 | N56: =IFERROR(__xludf.DUMMYFUNCTION("""COMPUTED_VALUE"""),10272.0) -> 10272 | Q56: =IFERROR(__xludf.DUMMYFUNCTION("""COMPUTED_VALUE"""),"Y") -> Y | S56: =IFERROR(__xludf.DUMMYFUNCTION("""COMPUTED_VALUE"""),"เบทาโกร") -> เบทาโกร | T56: =IFERROR(__xludf.DUMMYFUNCTION("""COMPUTED_VALUE"""),85.0) -> 85 | U56: =IFERROR(__xludf.DUMMYFUNCTION("""COMPUTED_VALUE"""),"Y") -> Y | V56: =IFERROR(__xludf.DUMMYFUNCTION("""COMPUTED_VALUE"""),110.0) -> 110 | W56: =IFERROR(__xludf.DUMMYFUNCTION("""COMPUTED_VALUE"""),40.0) -> 40 | X56: =IFERROR(__xludf.DUMMYFUNCTION("""COMPUTED_VALUE"""),20.0) -> 20 | Y56: =IFERROR(__xludf.DUMMYFUNCTION("""COMPUTED_VALUE"""),50.0) -> 50
A57: =IFERROR(__xludf.DUMMYFUNCTION("""COMPUTED_VALUE"""),"หลอดอนามัย-แพ็ค38g") -> หลอดอนามัย-แพ็ค38g | B57: =IFERROR(__xludf.DUMMYFUNCTION("""COMPUTED_VALUE"""),10540.0) -> 10540 | C57: =IFERROR(__xludf.DUMMYFUNCTION("""COMPUTED_VALUE"""),"(S) หลอดอนามัย แพ็ค38g") -> (S) หลอดอนามัย แพ็ค38g | D57: =IFERROR(__xludf.DUMMYFUNCTION("""COMPUTED_VALUE"""),"**ของหิ้ว ร้อยเอ็ด") -> **ของหิ้ว ร้อยเอ็ด | E57: =IFERROR(__xludf.DUMMYFUNCTION("""COMPUTED_VALUE"""),"X") -> X | F57: =IFERROR(__xludf.DUMMYFUNCTION("""COMPUTED_VALUE"""),"N") -> N | M57: =IFERROR(__xludf.DUMMYFUNCTION("""COMPUTED_VALUE"""),9.5) -> 9.5 | N57: =IFERROR(__xludf.DUMMYFUNCTION("""COMPUTED_VALUE"""),8.858817013605E12) -> 8858817013605 | Q57: =IFERROR(__xludf.DUMMYFUNCTION("""COMPUTED_VALUE"""),"Y") -> Y | T57: =IFERROR(__xludf.DUMMYFUNCTION("""COMPUTED_VALUE"""),0.0) -> 0 | U57: =IFERROR(__xludf.DUMMYFUNCTION("""COMPUTED_VALUE"""),"Y") -> Y | V57: =IFERROR(__xludf.DUMMYFUNCTION("""COMPUTED_VALUE"""),10.0) -> 10 | W57: =IFERROR(__xludf.DUMMYFUNCTION("""COMPUTED_VALUE"""),30.0) -> 30 | X57: =IFERROR(__xludf.DUMMYFUNCTION("""COMPUTED_VALUE"""),10.0) -> 10
A58: =IFERROR(__xludf.DUMMYFUNCTION("""COMPUTED_VALUE"""),"หอยดอง-ขวดกลาง") -> หอยดอง-ขวดกลาง | B58: =IFERROR(__xludf.DUMMYFUNCTION("""COMPUTED_VALUE"""),10469.0) -> 10469 | C58: =IFERROR(__xludf.DUMMYFUNCTION("""COMPUTED_VALUE"""),"(S) หอยดอง ใหญ่ (ขวด)-50") -> (S) หอยดอง ใหญ่ (ขวด)-50 | D58: =IFERROR(__xludf.DUMMYFUNCTION("""COMPUTED_VALUE"""),"**ของหิ้ว มหาชัย") -> **ของหิ้ว มหาชัย | E58: =IFERROR(__xludf.DUMMYFUNCTION("""COMPUTED_VALUE"""),"<p>1</p>") -> <p>1</p> | F58: =IFERROR(__xludf.DUMMYFUNCTION("""COMPUTED_VALUE"""),"N") -> N | M58: =IFERROR(__xludf.DUMMYFUNCTION("""COMPUTED_VALUE"""),30.75) -> 30.75 | N58: =IFERROR(__xludf.DUMMYFUNCTION("""COMPUTED_VALUE"""),10469.0) -> 10469 | Q58: =IFERROR(__xludf.DUMMYFUNCTION("""COMPUTED_VALUE"""),"Y") -> Y | S58: =IFERROR(__xludf.DUMMYFUNCTION("""COMPUTED_VALUE"""),"ขึ้นของมหาชัย") -> ขึ้นของมหาชัย | T58: =IFERROR(__xludf.DUMMYFUNCTION("""COMPUTED_VALUE"""),30.0) -> 30 | U58: =IFERROR(__xludf.DUMMYFUNCTION("""COMPUTED_VALUE"""),"Y") -> Y | V58: =IFERROR(__xludf.DUMMYFUNCTION("""COMPUTED_VALUE"""),50.0) -> 50 | W58: =IFERROR(__xludf.DUMMYFUNCTION("""COMPUTED_VALUE"""),180.0) -> 180 | X58: =IFERROR(__xludf.DUMMYFUNCTION("""COMPUTED_VALUE"""),24.0) -> 24 | Y58: =IFERROR(__xludf.DUMMYFUNCTION("""COMPUTED_VALUE"""),144.0) -> 144
A59: =IFERROR(__xludf.DUMMYFUNCTION("""COMPUTED_VALUE"""),"หอยดองเล็ก-20-ขวด-(หิ้ว)") -> หอยดองเล็ก-20-ขวด-(หิ้ว) | B59: =IFERROR(__xludf.DUMMYFUNCTION("""COMPUTED_VALUE"""),10809.0) -> 10809 | C59: =IFERROR(__xludf.DUMMYFUNCTION("""COMPUTED_VALUE"""),"(S) หอยดองเล็ก (ขวด)-25") -> (S) หอยดองเล็ก (ขวด)-25 | D59: =IFERROR(__xludf.DUMMYFUNCTION("""COMPUTED_VALUE"""),"**ของหิ้ว มหาชัย") -> **ของหิ้ว มหาชัย | F59: =IFERROR(__xludf.DUMMYFUNCTION("""COMPUTED_VALUE"""),"N") -> N | M59: =IFERROR(__xludf.DUMMYFUNCTION("""COMPUTED_VALUE"""),15.52) -> 15.52 | Q59: =IFERROR(__xludf.DUMMYFUNCTION("""COMPUTED_VALUE"""),"Y") -> Y | S59: =IFERROR(__xludf.DUMMYFUNCTION("""COMPUTED_VALUE"""),"ขึ้นของมหาชัย") -> ขึ้นของมหาชัย | T59: =IFERROR(__xludf.DUMMYFUNCTION("""COMPUTED_VALUE"""),15.0) -> 15 | U59: =IFERROR(__xludf.DUMMYFUNCTION("""COMPUTED_VALUE"""),"N") -> N | V59: =IFERROR(__xludf.DUMMYFUNCTION("""COMPUTED_VALUE"""),25.0) -> 25 | W59: =IFERROR(__xludf.DUMMYFUNCTION("""COMPUTED_VALUE"""),40.0) -> 40
A60: =IFERROR(__xludf.DUMMYFUNCTION("""COMPUTED_VALUE"""),"หอยแมลงภู่ชิลี-l-1kg-1") -> หอยแมลงภู่ชิลี-l-1kg-1 | B60: =IFERROR(__xludf.DUMMYFUNCTION("""COMPUTED_VALUE"""),10030.0) -> 10030 | C60: =IFERROR(__xludf.DUMMYFUNCTION("""COMPUTED_VALUE"""),"(S) หอยภู่ชิลี L ฝาเดียว 1Kg") -> (S) หอยภู่ชิลี L ฝาเดียว 1Kg | E60: =IFERROR(__xludf.DUMMYFUNCTION("""COMPUTED_VALUE"""),"<p>X</p>") -> <p>X</p> | F60: =IFERROR(__xludf.DUMMYFUNCTION("""COMPUTED_VALUE"""),"N") -> N | N60: =IFERROR(__xludf.DUMMYFUNCTION("""COMPUTED_VALUE"""),10030.0) -> 10030 | O60: =IFERROR(__xludf.DUMMYFUNCTION("""COMPUTED_VALUE"""),10295.0) -> 10295 | P60: =IFERROR(__xludf.DUMMYFUNCTION("""COMPUTED_VALUE"""),0.1) -> 0.1 | Q60: =IFERROR(__xludf.DUMMYFUNCTION("""COMPUTED_VALUE"""),"N") -> N | R60: =IFERROR(__xludf.DUMMYFUNCTION("""COMPUTED_VALUE"""),"N") -> N | U60: =IFERROR(__xludf.DUMMYFUNCTION("""COMPUTED_VALUE"""),"Y") -> Y | V60: =IFERROR(__xludf.DUMMYFUNCTION("""COMPUTED_VALUE"""),85.0) -> 85
A61: =IFERROR(__xludf.DUMMYFUNCTION("""COMPUTED_VALUE"""),"เครื่อพะโล้") -> เครื่อพะโล้ | B61: =IFERROR(__xludf.DUMMYFUNCTION("""COMPUTED_VALUE"""),10852.0) -> 10852 | C61: =IFERROR(__xludf.DUMMYFUNCTION("""COMPUTED_VALUE"""),"(S) เครื่อพะโล้") -> (S) เครื่อพะโล้ | E61: =IFERROR(__xludf.DUMMYFUNCTION("""COMPUTED_VALUE"""),"X") -> X | F61: =IFERROR(__xludf.DUMMYFUNCTION("""COMPUTED_VALUE"""),"N") -> N | M61: =IFERROR(__xludf.DUMMYFUNCTION("""COMPUTED_VALUE"""),9.0) -> 9 | Q61: =IFERROR(__xludf.DUMMYFUNCTION("""COMPUTED_VALUE"""),"N") -> N | U61: =IFERROR(__xludf.DUMMYFUNCTION("""COMPUTED_VALUE"""),"Y") -> Y | V61: =IFERROR(__xludf.DUMMYFUNCTION("""COMPUTED_VALUE"""),10.0) -> 10
A62: =IFERROR(__xludf.DUMMYFUNCTION("""COMPUTED_VALUE"""),"(s)-เต้าหู้ปลา-แพนด้าฟ้า(30)-500g") -> (s)-เต้าหู้ปลา-แพนด้าฟ้า(30)-500g | B62: =IFERROR(__xludf.DUMMYFUNCTION("""COMPUTED_VALUE"""),31075.0) -> 31075 | C62: =IFERROR(__xludf.DUMMYFUNCTION("""COMPUTED_VALUE"""),"(s) เต้าหู้ปลา แพนด้าฟ้า500g") -> (s) เต้าหู้ปลา แพนด้าฟ้า500g | E62: =IFERROR(__xludf.DUMMYFUNCTION("""COMPUTED_VALUE"""),"<p>X</p>") -> <p>X</p> | F62: =IFERROR(__xludf.DUMMYFUNCTION("""COMPUTED_VALUE"""),"N") -> N | N62: =IFERROR(__xludf.DUMMYFUNCTION("""COMPUTED_VALUE"""),10753.0) -> 10753 | O62: =IFERROR(__xludf.DUMMYFUNCTION("""COMPUTED_VALUE"""),1075.0) -> 1075 | P62: =IFERROR(__xludf.DUMMYFUNCTION("""COMPUTED_VALUE"""),1.0) -> 1 | Q62: =IFERROR(__xludf.DUMMYFUNCTION("""COMPUTED_VALUE"""),"N") -> N | R62: =IFERROR(__xludf.DUMMYFUNCTION("""COMPUTED_VALUE"""),"N") -> N | U62: =IFERROR(__xludf.DUMMYFUNCTION("""COMPUTED_VALUE"""),"Y") -> Y | V62: =IFERROR(__xludf.DUMMYFUNCTION("""COMPUTED_VALUE"""),50.0) -> 50
A63: =IFERROR(__xludf.DUMMYFUNCTION("""COMPUTED_VALUE"""),"(s)-เต้าหู้ปลาลูกเต๋าpfp-500กรัม") -> (s)-เต้าหู้ปลาลูกเต๋าpfp-500กรัม | B63: =IFERROR(__xludf.DUMMYFUNCTION("""COMPUTED_VALUE"""),31535.0) -> 31535 | C63: =IFERROR(__xludf.DUMMYFUNCTION("""COMPUTED_VALUE"""),"(s) เต้าหู้ปลาลูกเต๋าpfp 500กรัม") -> (s) เต้าหู้ปลาลูกเต๋าpfp 500กรัม | E63: =IFERROR(__xludf.DUMMYFUNCTION("""COMPUTED_VALUE"""),"X") -> X | F63: =IFERROR(__xludf.DUMMYFUNCTION("""COMPUTED_VALUE"""),"N") -> N | O63: =IFERROR(__xludf.DUMMYFUNCTION("""COMPUTED_VALUE"""),11535.0) -> 11535 | P63: =IFERROR(__xludf.DUMMYFUNCTION("""COMPUTED_VALUE"""),1.0) -> 1 | Q63: =IFERROR(__xludf.DUMMYFUNCTION("""COMPUTED_VALUE"""),"N") -> N | R63: =IFERROR(__xludf.DUMMYFUNCTION("""COMPUTED_VALUE"""),"N") -> N | U63: =IFERROR(__xludf.DUMMYFUNCTION("""COMPUTED_VALUE"""),"Y") -> Y | V63: =IFERROR(__xludf.DUMMYFUNCTION("""COMPUTED_VALUE"""),65.0) -> 65
A64: =IFERROR(__xludf.DUMMYFUNCTION("""COMPUTED_VALUE"""),"เต้าหู้ไข่-1-หลอด") -> เต้าหู้ไข่-1-หลอด | B64: =IFERROR(__xludf.DUMMYFUNCTION("""COMPUTED_VALUE"""),10511.0) -> 10511 | C64: =IFERROR(__xludf.DUMMYFUNCTION("""COMPUTED_VALUE"""),"(S) เต้าหู้ไข่ 1 หลอด") -> (S) เต้าหู้ไข่ 1 หลอด | D64: =IFERROR(__xludf.DUMMYFUNCTION("""COMPUTED_VALUE"""),"**เครื่องดื่ม") -> **เครื่องดื่ม | E64: =IFERROR(__xludf.DUMMYFUNCTION("""COMPUTED_VALUE"""),"<p>B</p>") -> <p>B</p> | F64: =IFERROR(__xludf.DUMMYFUNCTION("""COMPUTED_VALUE"""),"N") -> N | M64: =IFERROR(__xludf.DUMMYFUNCTION("""COMPUTED_VALUE"""),5.5) -> 5.5 | N64: =IFERROR(__xludf.DUMMYFUNCTION("""COMPUTED_VALUE"""),8.852043003485E12) -> 8852043003485 | Q64: =IFERROR(__xludf.DUMMYFUNCTION("""COMPUTED_VALUE"""),"Y") -> Y | S64: =IFERROR(__xludf.DUMMYFUNCTION("""COMPUTED_VALUE"""),"เบทาโกร") -> เบทาโกร | T64: =IFERROR(__xludf.DUMMYFUNCTION("""COMPUTED_VALUE"""),5.5) -> 5.5 | U64: =IFERROR(__xludf.DUMMYFUNCTION("""COMPUTED_VALUE"""),"Y") -> Y | V64: =IFERROR(__xludf.DUMMYFUNCTION("""COMPUTED_VALUE"""),10.0) -> 10 | W64: =IFERROR(__xludf.DUMMYFUNCTION("""COMPUTED_VALUE"""),130.0) -> 130 | X64: =IFERROR(__xludf.DUMMYFUNCTION("""COMPUTED_VALUE"""),85.0) -> 85 | Y64: =IFERROR(__xludf.DUMMYFUNCTION("""COMPUTED_VALUE"""),142.0) -> 142
A65: =IFERROR(__xludf.DUMMYFUNCTION("""COMPUTED_VALUE"""),"(s)-เนื้อหอยชิลี-ถุง-1kg") -> (s)-เนื้อหอยชิลี-ถุง-1kg | B65: =IFERROR(__xludf.DUMMYFUNCTION("""COMPUTED_VALUE"""),30197.0) -> 30197 | C65: =IFERROR(__xludf.DUMMYFUNCTION("""COMPUTED_VALUE"""),"(S) เนื้อหอยชิลี ถุง 1Kg") -> (S) เนื้อหอยชิลี ถุง 1Kg | F65: =IFERROR(__xludf.DUMMYFUNCTION("""COMPUTED_VALUE"""),"N") -> N | O65: =IFERROR(__xludf.DUMMYFUNCTION("""COMPUTED_VALUE"""),10039.0) -> 10039 | P65: =IFERROR(__xludf.DUMMYFUNCTION("""COMPUTED_VALUE"""),0.1) -> 0.1 | Q65: =IFERROR(__xludf.DUMMYFUNCTION("""COMPUTED_VALUE"""),"N") -> N | R65: =IFERROR(__xludf.DUMMYFUNCTION("""COMPUTED_VALUE"""),"N") -> N | U65: =IFERROR(__xludf.DUMMYFUNCTION("""COMPUTED_VALUE"""),"Y") -> Y | V65: =IFERROR(__xludf.DUMMYFUNCTION("""COMPUTED_VALUE"""),100.0) -> 100
A66: =IFERROR(__xludf.DUMMYFUNCTION("""COMPUTED_VALUE"""),"(s)-เมล็ดข้าวโพดหวาน-1กก") -> (s)-เมล็ดข้าวโพดหวาน-1กก | B66: =IFERROR(__xludf.DUMMYFUNCTION("""COMPUTED_VALUE"""),31363.0) -> 31363 | C66: =IFERROR(__xludf.DUMMYFUNCTION("""COMPUTED_VALUE"""),"(S) เมล็ดข้าวโพดหวาน 1กก") -> (S) เมล็ดข้าวโพดหวาน 1กก | D66: =IFERROR(__xludf.DUMMYFUNCTION("""COMPUTED_VALUE"""),"TMP") -> TMP | E66: =IFERROR(__xludf.DUMMYFUNCTION("""COMPUTED_VALUE"""),"<p>X</p>") -> <p>X</p> | F66: =IFERROR(__xludf.DUMMYFUNCTION("""COMPUTED_VALUE"""),"N") -> N | N66: =IFERROR(__xludf.DUMMYFUNCTION("""COMPUTED_VALUE"""),8.856024009916E12) -> 8856024009916 | O66: =IFERROR(__xludf.DUMMYFUNCTION("""COMPUTED_VALUE"""),11604.0) -> 11604 | P66: =IFERROR(__xludf.DUMMYFUNCTION("""COMPUTED_VALUE"""),0.1) -> 0.1 | Q66: =IFERROR(__xludf.DUMMYFUNCTION("""COMPUTED_VALUE"""),"N") -> N | R66: =IFERROR(__xludf.DUMMYFUNCTION("""COMPUTED_VALUE"""),"N") -> N | U66: =IFERROR(__xludf.DUMMYFUNCTION("""COMPUTED_VALUE"""),"Y") -> Y | V66: =IFERROR(__xludf.DUMMYFUNCTION("""COMPUTED_VALUE"""),85.0) -> 85
A67: =IFERROR(__xludf.DUMMYFUNCTION("""COMPUTED_VALUE"""),"(s)-เส้นก๋วยเตี๋ยวสาเกตsw") -> (s)-เส้นก๋วยเตี๋ยวสาเกตsw | B67: =IFERROR(__xludf.DUMMYFUNCTION("""COMPUTED_VALUE"""),30688.0) -> 30688 | C67: =IFERROR(__xludf.DUMMYFUNCTION("""COMPUTED_VALUE"""),"(s) เส้นปลาทวีวงษ์500กรัม") -> (s) เส้นปลาทวีวงษ์500กรัม | E67: =IFERROR(__xludf.DUMMYFUNCTION("""COMPUTED_VALUE"""),"<p>X</p>") -> <p>X</p> | F67: =IFERROR(__xludf.DUMMYFUNCTION("""COMPUTED_VALUE"""),"N") -> N | N67: =IFERROR(__xludf.DUMMYFUNCTION("""COMPUTED_VALUE"""),8.850016075439E12) -> 8850016075439 | O67: =IFERROR(__xludf.DUMMYFUNCTION("""COMPUTED_VALUE"""),10045.0) -> 10045 | P67: =IFERROR(__xludf.DUMMYFUNCTION("""COMPUTED_VALUE"""),0.05) -> 0.05 | Q67: =IFERROR(__xludf.DUMMYFUNCTION("""COMPUTED_VALUE"""),"N") -> N | R67: =IFERROR(__xludf.DUMMYFUNCTION("""COMPUTED_VALUE"""),"N") -> N | U67: =IFERROR(__xludf.DUMMYFUNCTION("""COMPUTED_VALUE"""),"Y") -> Y | V67: =IFERROR(__xludf.DUMMYFUNCTION("""COMPUTED_VALUE"""),78.0) -> 78
A68: =IFERROR(__xludf.DUMMYFUNCTION("""COMPUTED_VALUE"""),"เส้นมาม่า.-เกาหลี") -> เส้นมาม่า.-เกาหลี | B68: =IFERROR(__xludf.DUMMYFUNCTION("""COMPUTED_VALUE"""),11221.0) -> 11221 | C68: =IFERROR(__xludf.DUMMYFUNCTION("""COMPUTED_VALUE"""),"(S) เส้นมาม่า. เกาหลี") -> (S) เส้นมาม่า. เกาหลี | E68: =IFERROR(__xludf.DUMMYFUNCTION("""COMPUTED_VALUE"""),"X") -> X | F68: =IFERROR(__xludf.DUMMYFUNCTION("""COMPUTED_VALUE"""),"N") -> N | M68: =IFERROR(__xludf.DUMMYFUNCTION("""COMPUTED_VALUE"""),6.0) -> 6 | Q68: =IFERROR(__xludf.DUMMYFUNCTION("""COMPUTED_VALUE"""),"N") -> N | U68: =IFERROR(__xludf.DUMMYFUNCTION("""COMPUTED_VALUE"""),"Y") -> Y | V68: =IFERROR(__xludf.DUMMYFUNCTION("""COMPUTED_VALUE"""),8.0) -> 8
A69: =IFERROR(__xludf.DUMMYFUNCTION("""COMPUTED_VALUE"""),"(s)-เห็ดโปร-(แพ็ค-1กก)") -> (s)-เห็ดโปร-(แพ็ค-1กก) | B69: =IFERROR(__xludf.DUMMYFUNCTION("""COMPUTED_VALUE"""),31258.0) -> 31258 | C69: =IFERROR(__xludf.DUMMYFUNCTION("""COMPUTED_VALUE"""),"(S) เห็ดเข็มโปร (แพ็ค 1กก)") -> (S) เห็ดเข็มโปร (แพ็ค 1กก) | E69: =IFERROR(__xludf.DUMMYFUNCTION("""COMPUTED_VALUE"""),"<p>X</p>") -> <p>X</p> | F69: =IFERROR(__xludf.DUMMYFUNCTION("""COMPUTED_VALUE"""),"N") -> N | O69: =IFERROR(__xludf.DUMMYFUNCTION("""COMPUTED_VALUE"""),11261.0) -> 11261 | P69: =IFERROR(__xludf.DUMMYFUNCTION("""COMPUTED_VALUE"""),0.1) -> 0.1 | Q69: =IFERROR(__xludf.DUMMYFUNCTION("""COMPUTED_VALUE"""),"N") -> N | R69: =IFERROR(__xludf.DUMMYFUNCTION("""COMPUTED_VALUE"""),"N") -> N | U69: =IFERROR(__xludf.DUMMYFUNCTION("""COMPUTED_VALUE"""),"Y") -> Y | V69: =IFERROR(__xludf.DUMMYFUNCTION("""COMPUTED_VALUE"""),65.0) -> 65
A70: =IFERROR(__xludf.DUMMYFUNCTION("""COMPUTED_VALUE"""),"(s)-แซลม่อน-มินิ") -> (s)-แซลม่อน-มินิ | B70: =IFERROR(__xludf.DUMMYFUNCTION("""COMPUTED_VALUE"""),30933.0) -> 30933 | C70: =IFERROR(__xludf.DUMMYFUNCTION("""COMPUTED_VALUE"""),"(S) แซลม่อนหั่นชิ้น (คิริมิ)") -> (S) แซลม่อนหั่นชิ้น (คิริมิ) | E70: =IFERROR(__xludf.DUMMYFUNCTION("""COMPUTED_VALUE"""),"<p>X</p>") -> <p>X</p> | F70: =IFERROR(__xludf.DUMMYFUNCTION("""COMPUTED_VALUE"""),"N") -> N | O70: =IFERROR(__xludf.DUMMYFUNCTION("""COMPUTED_VALUE"""),10192.0) -> 10192 | P70: =IFERROR(__xludf.DUMMYFUNCTION("""COMPUTED_VALUE"""),0.1) -> 0.1 | Q70: =IFERROR(__xludf.DUMMYFUNCTION("""COMPUTED_VALUE"""),"N") -> N | R70: =IFERROR(__xludf.DUMMYFUNCTION("""COMPUTED_VALUE"""),"N") -> N | U70: =IFERROR(__xludf.DUMMYFUNCTION("""COMPUTED_VALUE"""),"Y") -> Y | V70: =IFERROR(__xludf.DUMMYFUNCTION("""COMPUTED_VALUE"""),130.0) -> 130
A71: =IFERROR(__xludf.DUMMYFUNCTION("""COMPUTED_VALUE"""),"แฟนต้า-น้ำแดง") -> แฟนต้า-น้ำแดง | B71: =IFERROR(__xludf.DUMMYFUNCTION("""COMPUTED_VALUE"""),10173.0) -> 10173 | C71: =IFERROR(__xludf.DUMMYFUNCTION("""COMPUTED_VALUE"""),"(S) แฟนต้า น้ำแดง") -> (S) แฟนต้า น้ำแดง | F71: =IFERROR(__xludf.DUMMYFUNCTION("""COMPUTED_VALUE"""),"N") -> N | M71: =IFERROR(__xludf.DUMMYFUNCTION("""COMPUTED_VALUE"""),25.0) -> 25 | Q71: =IFERROR(__xludf.DUMMYFUNCTION("""COMPUTED_VALUE"""),"N") -> N | U71: =IFERROR(__xludf.DUMMYFUNCTION("""COMPUTED_VALUE"""),"Y") -> Y | V71: =IFERROR(__xludf.DUMMYFUNCTION("""COMPUTED_VALUE"""),30.0) -> 30
A72: =IFERROR(__xludf.DUMMYFUNCTION("""COMPUTED_VALUE"""),"แฮมกลม-1-กก.") -> แฮมกลม-1-กก. | B72: =IFERROR(__xludf.DUMMYFUNCTION("""COMPUTED_VALUE"""),11573.0) -> 11573 | C72: =IFERROR(__xludf.DUMMYFUNCTION("""COMPUTED_VALUE"""),"(S) แฮมกลม 1 กก.") -> (S) แฮมกลม 1 กก. | D72: =IFERROR(__xludf.DUMMYFUNCTION("""COMPUTED_VALUE"""),"**ของหิ้ว มหาชัย") -> **ของหิ้ว มหาชัย | E72: =IFERROR(__xludf.DUMMYFUNCTION("""COMPUTED_VALUE"""),"1") -> 1 | F72: =IFERROR(__xludf.DUMMYFUNCTION("""COMPUTED_VALUE"""),"N") -> N | M72: =IFERROR(__xludf.DUMMYFUNCTION("""COMPUTED_VALUE"""),60.35) -> 60.35 | N72: =IFERROR(__xludf.DUMMYFUNCTION("""COMPUTED_VALUE"""),11573.0) -> 11573 | Q72: =IFERROR(__xludf.DUMMYFUNCTION("""COMPUTED_VALUE"""),"Y") -> Y | S72: =IFERROR(__xludf.DUMMYFUNCTION("""COMPUTED_VALUE"""),"ขึ้นของมหาชัย") -> ขึ้นของมหาชัย | T72: =IFERROR(__xludf.DUMMYFUNCTION("""COMPUTED_VALUE"""),55.0) -> 55 | U72: =IFERROR(__xludf.DUMMYFUNCTION("""COMPUTED_VALUE"""),"Y") -> Y | V72: =IFERROR(__xludf.DUMMYFUNCTION("""COMPUTED_VALUE"""),85.0) -> 85 | W72: =IFERROR(__xludf.DUMMYFUNCTION("""COMPUTED_VALUE"""),25.0) -> 25 | X72: =IFERROR(__xludf.DUMMYFUNCTION("""COMPUTED_VALUE"""),5.0) -> 5 | Y72: =IFERROR(__xludf.DUMMYFUNCTION("""COMPUTED_VALUE"""),55.0) -> 55
A73: =IFERROR(__xludf.DUMMYFUNCTION("""COMPUTED_VALUE"""),"ไม้เสียบ-พรรณัฎฎา-3*9-1ห่อ-1") -> ไม้เสียบ-พรรณัฎฎา-3*9-1ห่อ-1 | B73: =IFERROR(__xludf.DUMMYFUNCTION("""COMPUTED_VALUE"""),10136.0) -> 10136 | C73: =IFERROR(__xludf.DUMMYFUNCTION("""COMPUTED_VALUE"""),"(S) ไม้เสียบ 3*9(ห่อ)") -> (S) ไม้เสียบ 3*9(ห่อ) | D73: =IFERROR(__xludf.DUMMYFUNCTION("""COMPUTED_VALUE"""),"**ของแห้ง") -> **ของแห้ง | E73: =IFERROR(__xludf.DUMMYFUNCTION("""COMPUTED_VALUE"""),"<p>X</p>") -> <p>X</p> | F73: =IFERROR(__xludf.DUMMYFUNCTION("""COMPUTED_VALUE"""),"N") -> N | M73: =IFERROR(__xludf.DUMMYFUNCTION("""COMPUTED_VALUE"""),9.5) -> 9.5 | N73: =IFERROR(__xludf.DUMMYFUNCTION("""COMPUTED_VALUE"""),8.857126595055E12) -> 8857126595055 | Q73: =IFERROR(__xludf.DUMMYFUNCTION("""COMPUTED_VALUE"""),"Y") -> Y | T73: =IFERROR(__xludf.DUMMYFUNCTION("""COMPUTED_VALUE"""),9.5) -> 9.5 | U73: =IFERROR(__xludf.DUMMYFUNCTION("""COMPUTED_VALUE"""),"Y") -> Y | V73: =IFERROR(__xludf.DUMMYFUNCTION("""COMPUTED_VALUE"""),15.0) -> 15 | W73: =IFERROR(__xludf.DUMMYFUNCTION("""COMPUTED_VALUE"""),41.0) -> 41 | X73: =IFERROR(__xludf.DUMMYFUNCTION("""COMPUTED_VALUE"""),20.0) -> 20
A74: =IFERROR(__xludf.DUMMYFUNCTION("""COMPUTED_VALUE"""),"ไม้เสียบ-พรรณัฎฎา-4*10-1ห่อ-1") -> ไม้เสียบ-พรรณัฎฎา-4*10-1ห่อ-1 | B74: =IFERROR(__xludf.DUMMYFUNCTION("""COMPUTED_VALUE"""),10138.0) -> 10138 | C74: =IFERROR(__xludf.DUMMYFUNCTION("""COMPUTED_VALUE"""),"(S) ไม้เสียบ 4*10(ห่อ)") -> (S) ไม้เสียบ 4*10(ห่อ) | D74: =IFERROR(__xludf.DUMMYFUNCTION("""COMPUTED_VALUE"""),"**ของแห้ง") -> **ของแห้ง | E74: =IFERROR(__xludf.DUMMYFUNCTION("""COMPUTED_VALUE"""),"<p>X</p>") -> <p>X</p> | F74: =IFERROR(__xludf.DUMMYFUNCTION("""COMPUTED_VALUE"""),"N") -> N | M74: =IFERROR(__xludf.DUMMYFUNCTION("""COMPUTED_VALUE"""),9.5) -> 9.5 | N74: =IFERROR(__xludf.DUMMYFUNCTION("""COMPUTED_VALUE"""),8.857126595079E12) -> 8857126595079 | Q74: =IFERROR(__xludf.DUMMYFUNCTION("""COMPUTED_VALUE"""),"Y") -> Y | T74: =IFERROR(__xludf.DUMMYFUNCTION("""COMPUTED_VALUE"""),9.5) -> 9.5 | U74: =IFERROR(__xludf.DUMMYFUNCTION("""COMPUTED_VALUE"""),"Y") -> Y | V74: =IFERROR(__xludf.DUMMYFUNCTION("""COMPUTED_VALUE"""),15.0) -> 15 | W74: =IFERROR(__xludf.DUMMYFUNCTION("""COMPUTED_VALUE"""),69.0) -> 69 | X74: =IFERROR(__xludf.DUMMYFUNCTION("""COMPUTED_VALUE"""),20.0) -> 20
A75: =IFERROR(__xludf.DUMMYFUNCTION("""COMPUTED_VALUE"""),"ไม้เสียบ-3*8-1ห่อ") -> ไม้เสียบ-3*8-1ห่อ | B75: =IFERROR(__xludf.DUMMYFUNCTION("""COMPUTED_VALUE"""),10966.0) -> 10966 | C75: =IFERROR(__xludf.DUMMYFUNCTION("""COMPUTED_VALUE"""),"(S) ไม้เสียบ 3*8(ห่อ)") -> (S) ไม้เสียบ 3*8(ห่อ) | D75: =IFERROR(__xludf.DUMMYFUNCTION("""COMPUTED_VALUE"""),"**ของแห้ง") -> **ของแห้ง | E75: =IFERROR(__xludf.DUMMYFUNCTION("""COMPUTED_VALUE"""),"<p>X</p>") -> <p>X</p> | F75: =IFERROR(__xludf.DUMMYFUNCTION("""COMPUTED_VALUE"""),"N") -> N | M75: =IFERROR(__xludf.DUMMYFUNCTION("""COMPUTED_VALUE"""),9.5) -> 9.5 | N75: =IFERROR(__xludf.DUMMYFUNCTION("""COMPUTED_VALUE"""),8.857126595048E12) -> 8857126595048 | Q75: =IFERROR(__xludf.DUMMYFUNCTION("""COMPUTED_VALUE"""),"Y") -> Y | T75: =IFERROR(__xludf.DUMMYFUNCTION("""COMPUTED_VALUE"""),9.5) -> 9.5 | U75: =IFERROR(__xludf.DUMMYFUNCTION("""COMPUTED_VALUE"""),"Y") -> Y | V75: =IFERROR(__xludf.DUMMYFUNCTION("""COMPUTED_VALUE"""),15.0) -> 15 | W75: =IFERROR(__xludf.DUMMYFUNCTION("""COMPUTED_VALUE"""),0.0) -> 0
A76: =IFERROR(__xludf.DUMMYFUNCTION("""COMPUTED_VALUE"""),"ไม้เสียบ4*12") -> ไม้เสียบ4*12 | B76: =IFERROR(__xludf.DUMMYFUNCTION("""COMPUTED_VALUE"""),10686.0) -> 10686 | C76: =IFERROR(__xludf.DUMMYFUNCTION("""COMPUTED_VALUE"""),"(S) ไม้เสียบ4*12(ห่อ)") -> (S) ไม้เสียบ4*12(ห่อ) | D76: =IFERROR(__xludf.DUMMYFUNCTION("""COMPUTED_VALUE"""),"**ของแห้ง") -> **ของแห้ง | E76: =IFERROR(__xludf.DUMMYFUNCTION("""COMPUTED_VALUE"""),"<p>X</p>") -> <p>X</p> | F76: =IFERROR(__xludf.DUMMYFUNCTION("""COMPUTED_VALUE"""),"N") -> N | M76: =IFERROR(__xludf.DUMMYFUNCTION("""COMPUTED_VALUE"""),9.5) -> 9.5 | N76: =IFERROR(__xludf.DUMMYFUNCTION("""COMPUTED_VALUE"""),8.857126595086E12) -> 8857126595086 | Q76: =IFERROR(__xludf.DUMMYFUNCTION("""COMPUTED_VALUE"""),"Y") -> Y | T76: =IFERROR(__xludf.DUMMYFUNCTION("""COMPUTED_VALUE"""),9.5) -> 9.5 | U76: =IFERROR(__xludf.DUMMYFUNCTION("""COMPUTED_VALUE"""),"Y") -> Y | V76: =IFERROR(__xludf.DUMMYFUNCTION("""COMPUTED_VALUE"""),15.0) -> 15 | W76: =IFERROR(__xludf.DUMMYFUNCTION("""COMPUTED_VALUE"""),20.0) -> 20
A77: =IFERROR(__xludf.DUMMYFUNCTION("""COMPUTED_VALUE"""),"(s)-ไส้กรอกอีกสาน-พวง500g--ust") -> (s)-ไส้กรอกอีกสาน-พวง500g--ust | B77: =IFERROR(__xludf.DUMMYFUNCTION("""COMPUTED_VALUE"""),30386.0) -> 30386 | C77: =IFERROR(__xludf.DUMMYFUNCTION("""COMPUTED_VALUE"""),"(s) ไส้กรอกอีกสาน พวง500g UST") -> (s) ไส้กรอกอีกสาน พวง500g UST | F77: =IFERROR(__xludf.DUMMYFUNCTION("""COMPUTED_VALUE"""),"N") -> N | O77: =IFERROR(__xludf.DUMMYFUNCTION("""COMPUTED_VALUE"""),10386.0) -> 10386 | P77: =IFERROR(__xludf.DUMMYFUNCTION("""COMPUTED_VALUE"""),1.0) -> 1 | Q77: =IFERROR(__xludf.DUMMYFUNCTION("""COMPUTED_VALUE"""),"N") -> N | R77: =IFERROR(__xludf.DUMMYFUNCTION("""COMPUTED_VALUE"""),"N") -> N | U77: =IFERROR(__xludf.DUMMYFUNCTION("""COMPUTED_VALUE"""),"Y") -> Y | V77: =IFERROR(__xludf.DUMMYFUNCTION("""COMPUTED_VALUE"""),55.0) -> 55
A78: =IFERROR(__xludf.DUMMYFUNCTION("""COMPUTED_VALUE"""),"dd-สามชั้นกระทะ-2-แถว-ลัง-10kg") -> dd-สามชั้นกระทะ-2-แถว-ลัง-10kg | B78: =IFERROR(__xludf.DUMMYFUNCTION("""COMPUTED_VALUE"""),10822.0) -> 10822 | C78: =IFERROR(__xludf.DUMMYFUNCTION("""COMPUTED_VALUE"""),"DD สามชั้นสไลด์ชาบู 10Kg (ลัง)") -> DD สามชั้นสไลด์ชาบู 10Kg (ลัง) | E78: =IFERROR(__xludf.DUMMYFUNCTION("""COMPUTED_VALUE"""),"<p>ส</p>") -> <p>ส</p> | F78: =IFERROR(__xludf.DUMMYFUNCTION("""COMPUTED_VALUE"""),"N") -> N | N78: =IFERROR(__xludf.DUMMYFUNCTION("""COMPUTED_VALUE"""),10822.0) -> 10822 | O78: =IFERROR(__xludf.DUMMYFUNCTION("""COMPUTED_VALUE"""),10821.0) -> 10821 | P78: =IFERROR(__xludf.DUMMYFUNCTION("""COMPUTED_VALUE"""),10.0) -> 10 | Q78: =IFERROR(__xludf.DUMMYFUNCTION("""COMPUTED_VALUE"""),"N") -> N | R78: =IFERROR(__xludf.DUMMYFUNCTION("""COMPUTED_VALUE"""),"N") -> N | U78: =IFERROR(__xludf.DUMMYFUNCTION("""COMPUTED_VALUE"""),"Y") -> Y | V78: =IFERROR(__xludf.DUMMYFUNCTION("""COMPUTED_VALUE"""),1580.0) -> 1580
A79: =IFERROR(__xludf.DUMMYFUNCTION("""COMPUTED_VALUE"""),"สามชั้นชาบู500-กรัม-ถุง-1") -> สามชั้นชาบู500-กรัม-ถุง-1 | B79: =IFERROR(__xludf.DUMMYFUNCTION("""COMPUTED_VALUE"""),10071.0) -> 10071 | C79: =IFERROR(__xludf.DUMMYFUNCTION("""COMPUTED_VALUE"""),"DDสามชั้นชาบู500 กรัม") -> DDสามชั้นชาบู500 กรัม | D79: =IFERROR(__xludf.DUMMYFUNCTION("""COMPUTED_VALUE"""),"**ลัง มหาชัย") -> **ลัง มหาชัย | E79: =IFERROR(__xludf.DUMMYFUNCTION("""COMPUTED_VALUE"""),"0.5") -> 0.5 | F79: =IFERROR(__xludf.DUMMYFUNCTION("""COMPUTED_VALUE"""),"N") -> N | M79: =IFERROR(__xludf.DUMMYFUNCTION("""COMPUTED_VALUE"""),83.47) -> 83.47 | N79: =IFERROR(__xludf.DUMMYFUNCTION("""COMPUTED_VALUE"""),10071.0) -> 10071 | Q79: =IFERROR(__xludf.DUMMYFUNCTION("""COMPUTED_VALUE"""),"Y") -> Y | S79: =IFERROR(__xludf.DUMMYFUNCTION("""COMPUTED_VALUE"""),"ขึ้นของมหาชัย") -> ขึ้นของมหาชัย | T79: =IFERROR(__xludf.DUMMYFUNCTION("""COMPUTED_VALUE"""),82.5) -> 82.5 | U79: =IFERROR(__xludf.DUMMYFUNCTION("""COMPUTED_VALUE"""),"Y") -> Y | V79: =IFERROR(__xludf.DUMMYFUNCTION("""COMPUTED_VALUE"""),95.0) -> 95 | W79: =IFERROR(__xludf.DUMMYFUNCTION("""COMPUTED_VALUE"""),15.0) -> 15 | X79: =IFERROR(__xludf.DUMMYFUNCTION("""COMPUTED_VALUE"""),20.0) -> 20 | Y79: =IFERROR(__xludf.DUMMYFUNCTION("""COMPUTED_VALUE"""),120.0) -> 120
A80: =IFERROR(__xludf.DUMMYFUNCTION("""COMPUTED_VALUE"""),"สามชั้นชาบู500-กรัม-ลัง-12.5kg-1") -> สามชั้นชาบู500-กรัม-ลัง-12.5kg-1 | B80: =IFERROR(__xludf.DUMMYFUNCTION("""COMPUTED_VALUE"""),10072.0) -> 10072 | C80: =IFERROR(__xludf.DUMMYFUNCTION("""COMPUTED_VALUE"""),"DDสามชั้นชาบู500 กรัม ลัง 10Kg(20แพ็ค)") -> DDสามชั้นชาบู500 กรัม ลัง 10Kg(20แพ็ค) | E80: =IFERROR(__xludf.DUMMYFUNCTION("""COMPUTED_VALUE"""),"<p>S</p>") -> <p>S</p> | F80: =IFERROR(__xludf.DUMMYFUNCTION("""COMPUTED_VALUE"""),"N") -> N | N80: =IFERROR(__xludf.DUMMYFUNCTION("""COMPUTED_VALUE"""),10072.0) -> 10072 | O80: =IFERROR(__xludf.DUMMYFUNCTION("""COMPUTED_VALUE"""),10071.0) -> 10071 | P80: =IFERROR(__xludf.DUMMYFUNCTION("""COMPUTED_VALUE"""),20.0) -> 20 | Q80: =IFERROR(__xludf.DUMMYFUNCTION("""COMPUTED_VALUE"""),"N") -> N | R80: =IFERROR(__xludf.DUMMYFUNCTION("""COMPUTED_VALUE"""),"N") -> N | U80: =IFERROR(__xludf.DUMMYFUNCTION("""COMPUTED_VALUE"""),"Y") -> Y | V80: =IFERROR(__xludf.DUMMYFUNCTION("""COMPUTED_VALUE"""),1900.0) -> 1900
A81: =IFERROR(__xludf.DUMMYFUNCTION("""COMPUTED_VALUE"""),"nk-หมูนุ่ม-(สมชาย)-75") -> nk-หมูนุ่ม-(สมชาย)-75 | B81: =IFERROR(__xludf.DUMMYFUNCTION("""COMPUTED_VALUE"""),10073.0) -> 10073 | C81: =IFERROR(__xludf.DUMMYFUNCTION("""COMPUTED_VALUE"""),"Nk หมูนุ่ม (สมชาย)-75") -> Nk หมูนุ่ม (สมชาย)-75 | D81: =IFERROR(__xludf.DUMMYFUNCTION("""COMPUTED_VALUE"""),"**ร้านค้า ราคาพิเศษ") -> **ร้านค้า ราคาพิเศษ | F81: =IFERROR(__xludf.DUMMYFUNCTION("""COMPUTED_VALUE"""),"N") -> N | O81: =IFERROR(__xludf.DUMMYFUNCTION("""COMPUTED_VALUE"""),10159.0) -> 10159 | P81: =IFERROR(__xludf.DUMMYFUNCTION("""COMPUTED_VALUE"""),1.0) -> 1 | Q81: =IFERROR(__xludf.DUMMYFUNCTION("""COMPUTED_VALUE"""),"N") -> N | R81: =IFERROR(__xludf.DUMMYFUNCTION("""COMPUTED_VALUE"""),"N") -> N | U81: =IFERROR(__xludf.DUMMYFUNCTION("""COMPUTED_VALUE"""),"Y") -> Y | V81: =IFERROR(__xludf.DUMMYFUNCTION("""COMPUTED_VALUE"""),375.0) -> 375
A82: =IFERROR(__xludf.DUMMYFUNCTION("""COMPUTED_VALUE"""),"t-เบคอน10*500กรัม-หิ้ว5-kg") -> t-เบคอน10*500กรัม-หิ้ว5-kg | B82: =IFERROR(__xludf.DUMMYFUNCTION("""COMPUTED_VALUE"""),11395.0) -> 11395 | C82: =IFERROR(__xludf.DUMMYFUNCTION("""COMPUTED_VALUE"""),"T เบคอน 10*500 กรัม (หิ้ว)") -> T เบคอน 10*500 กรัม (หิ้ว) | E82: =IFERROR(__xludf.DUMMYFUNCTION("""COMPUTED_VALUE"""),"<p>S</p>") -> <p>S</p> | F82: =IFERROR(__xludf.DUMMYFUNCTION("""COMPUTED_VALUE"""),"N") -> N | N82: =IFERROR(__xludf.DUMMYFUNCTION("""COMPUTED_VALUE"""),11395.0) -> 11395 | O82: =IFERROR(__xludf.DUMMYFUNCTION("""COMPUTED_VALUE"""),11225.0) -> 11225 | P82: =IFERROR(__xludf.DUMMYFUNCTION("""COMPUTED_VALUE"""),10.0) -> 10 | Q82: =IFERROR(__xludf.DUMMYFUNCTION("""COMPUTED_VALUE"""),"N") -> N | R82: =IFERROR(__xludf.DUMMYFUNCTION("""COMPUTED_VALUE"""),"N") -> N | U82: =IFERROR(__xludf.DUMMYFUNCTION("""COMPUTED_VALUE"""),"Y") -> Y | V82: =IFERROR(__xludf.DUMMYFUNCTION("""COMPUTED_VALUE"""),775.0) -> 775
A83: =IFERROR(__xludf.DUMMYFUNCTION("""COMPUTED_VALUE"""),"เบคอน-500-g") -> เบคอน-500-g | B83: =IFERROR(__xludf.DUMMYFUNCTION("""COMPUTED_VALUE"""),11225.0) -> 11225 | C83: =IFERROR(__xludf.DUMMYFUNCTION("""COMPUTED_VALUE"""),"T เบคอน แพ็ค 500 g") -> T เบคอน แพ็ค 500 g | D83: =IFERROR(__xludf.DUMMYFUNCTION("""COMPUTED_VALUE"""),"**ของหิ้ว มหาชัย") -> **ของหิ้ว มหาชัย | E83: =IFERROR(__xludf.DUMMYFUNCTION("""COMPUTED_VALUE"""),"0.5") -> 0.5 | F83: =IFERROR(__xludf.DUMMYFUNCTION("""COMPUTED_VALUE"""),"N") -> N | M83: =IFERROR(__xludf.DUMMYFUNCTION("""COMPUTED_VALUE"""),74.5) -> 74.5 | N83: =IFERROR(__xludf.DUMMYFUNCTION("""COMPUTED_VALUE"""),11225.0) -> 11225 | Q83: =IFERROR(__xludf.DUMMYFUNCTION("""COMPUTED_VALUE"""),"Y") -> Y | S83: =IFERROR(__xludf.DUMMYFUNCTION("""COMPUTED_VALUE"""),"ขึ้นของมหาชัย") -> ขึ้นของมหาชัย | T83: =IFERROR(__xludf.DUMMYFUNCTION("""COMPUTED_VALUE"""),72.5) -> 72.5 | U83: =IFERROR(__xludf.DUMMYFUNCTION("""COMPUTED_VALUE"""),"Y") -> Y | V83: =IFERROR(__xludf.DUMMYFUNCTION("""COMPUTED_VALUE"""),85.0) -> 85 | W83: =IFERROR(__xludf.DUMMYFUNCTION("""COMPUTED_VALUE"""),77.0) -> 77 | X83: =IFERROR(__xludf.DUMMYFUNCTION("""COMPUTED_VALUE"""),50.0) -> 50 | Y83: =IFERROR(__xludf.DUMMYFUNCTION("""COMPUTED_VALUE"""),250.0) -> 250
A84: =IFERROR(__xludf.DUMMYFUNCTION("""COMPUTED_VALUE"""),"กระดูกซุปหั่นชิ้น-5-กก.") -> กระดูกซุปหั่นชิ้น-5-กก. | B84: =IFERROR(__xludf.DUMMYFUNCTION("""COMPUTED_VALUE"""),10019.0) -> 10019 | C84: =IFERROR(__xludf.DUMMYFUNCTION("""COMPUTED_VALUE"""),"กระดูกซุปหั่นชิ้น 5 กก.") -> กระดูกซุปหั่นชิ้น 5 กก. | F84: =IFERROR(__xludf.DUMMYFUNCTION("""COMPUTED_VALUE"""),"N") -> N | M84: =IFERROR(__xludf.DUMMYFUNCTION("""COMPUTED_VALUE"""),245.0) -> 245 | Q84: =IFERROR(__xludf.DUMMYFUNCTION("""COMPUTED_VALUE"""),"Y") -> Y | T84: =IFERROR(__xludf.DUMMYFUNCTION("""COMPUTED_VALUE"""),245.0) -> 245 | U84: =IFERROR(__xludf.DUMMYFUNCTION("""COMPUTED_VALUE"""),"Y") -> Y | V84: =IFERROR(__xludf.DUMMYFUNCTION("""COMPUTED_VALUE"""),275.0) -> 275 | W84: =IFERROR(__xludf.DUMMYFUNCTION("""COMPUTED_VALUE"""),0.0) -> 0
A85: =IFERROR(__xludf.DUMMYFUNCTION("""COMPUTED_VALUE"""),"กระพรุนผ่า-(พิเศษ)-980") -> กระพรุนผ่า-(พิเศษ)-980 | B85: =IFERROR(__xludf.DUMMYFUNCTION("""COMPUTED_VALUE"""),10453.0) -> 10453 | C85: =IFERROR(__xludf.DUMMYFUNCTION("""COMPUTED_VALUE"""),"กระพรุน ผ่า (พิเศษ) 690") -> กระพรุน ผ่า (พิเศษ) 690 | D85: =IFERROR(__xludf.DUMMYFUNCTION("""COMPUTED_VALUE"""),"**ร้านค้า ราคาพิเศษ") -> **ร้านค้า ราคาพิเศษ | F85: =IFERROR(__xludf.DUMMYFUNCTION("""COMPUTED_VALUE"""),"N") -> N | O85: =IFERROR(__xludf.DUMMYFUNCTION("""COMPUTED_VALUE"""),10126.0) -> 10126 | P85: =IFERROR(__xludf.DUMMYFUNCTION("""COMPUTED_VALUE"""),1.0) -> 1 | Q85: =IFERROR(__xludf.DUMMYFUNCTION("""COMPUTED_VALUE"""),"N") -> N | R85: =IFERROR(__xludf.DUMMYFUNCTION("""COMPUTED_VALUE"""),"N") -> N | U85: =IFERROR(__xludf.DUMMYFUNCTION("""COMPUTED_VALUE"""),"Y") -> Y | V85: =IFERROR(__xludf.DUMMYFUNCTION("""COMPUTED_VALUE"""),690.0) -> 690
A86: =IFERROR(__xludf.DUMMYFUNCTION("""COMPUTED_VALUE"""),"กระพรุน-b-ถัง-20-kg-1") -> กระพรุน-b-ถัง-20-kg-1 | B86: =IFERROR(__xludf.DUMMYFUNCTION("""COMPUTED_VALUE"""),10126.0) -> 10126 | C86: =IFERROR(__xludf.DUMMYFUNCTION("""COMPUTED_VALUE"""),"กระพรุน ผ่า ถัง - 730") -> กระพรุน ผ่า ถัง - 730 | D86: =IFERROR(__xludf.DUMMYFUNCTION("""COMPUTED_VALUE"""),"**ของหิ้ว มหาชัย") -> **ของหิ้ว มหาชัย | E86: =IFERROR(__xludf.DUMMYFUNCTION("""COMPUTED_VALUE"""),"<p>A</p>") -> <p>A</p> | F86: =IFERROR(__xludf.DUMMYFUNCTION("""COMPUTED_VALUE"""),"N") -> N | M86: =IFERROR(__xludf.DUMMYFUNCTION("""COMPUTED_VALUE"""),571.27) -> 571.27 | N86: =IFERROR(__xludf.DUMMYFUNCTION("""COMPUTED_VALUE"""),10126.0) -> 10126 | Q86: =IFERROR(__xludf.DUMMYFUNCTION("""COMPUTED_VALUE"""),"Y") -> Y | S86: =IFERROR(__xludf.DUMMYFUNCTION("""COMPUTED_VALUE"""),"ขึ้นของมหาชัย") -> ขึ้นของมหาชัย | T86: =IFERROR(__xludf.DUMMYFUNCTION("""COMPUTED_VALUE"""),625.0) -> 625 | U86: =IFERROR(__xludf.DUMMYFUNCTION("""COMPUTED_VALUE"""),"Y") -> Y | V86: =IFERROR(__xludf.DUMMYFUNCTION("""COMPUTED_VALUE"""),730.0) -> 730 | W86: =IFERROR(__xludf.DUMMYFUNCTION("""COMPUTED_VALUE"""),210.0) -> 210 | X86: =IFERROR(__xludf.DUMMYFUNCTION("""COMPUTED_VALUE"""),17.0) -> 17 | Y86: =IFERROR(__xludf.DUMMYFUNCTION("""COMPUTED_VALUE"""),29.0) -> 29
A87: =IFERROR(__xludf.DUMMYFUNCTION("""COMPUTED_VALUE"""),"กระพรุน-ผ่า4-r100(640)") -> กระพรุน-ผ่า4-r100(640) | B87: =IFERROR(__xludf.DUMMYFUNCTION("""COMPUTED_VALUE"""),10689.0) -> 10689 | C87: =IFERROR(__xludf.DUMMYFUNCTION("""COMPUTED_VALUE"""),"กระพรุน ผ่า4 R100(670)") -> กระพรุน ผ่า4 R100(670) | D87: =IFERROR(__xludf.DUMMYFUNCTION("""COMPUTED_VALUE"""),"**ร้านค้า ราคาพิเศษ") -> **ร้านค้า ราคาพิเศษ | F87: =IFERROR(__xludf.DUMMYFUNCTION("""COMPUTED_VALUE"""),"N") -> N | O87: =IFERROR(__xludf.DUMMYFUNCTION("""COMPUTED_VALUE"""),10126.0) -> 10126 | P87: =IFERROR(__xludf.DUMMYFUNCTION("""COMPUTED_VALUE"""),1.0) -> 1 | Q87: =IFERROR(__xludf.DUMMYFUNCTION("""COMPUTED_VALUE"""),"N") -> N | R87: =IFERROR(__xludf.DUMMYFUNCTION("""COMPUTED_VALUE"""),"N") -> N | U87: =IFERROR(__xludf.DUMMYFUNCTION("""COMPUTED_VALUE"""),"N") -> N | V87: =IFERROR(__xludf.DUMMYFUNCTION("""COMPUTED_VALUE"""),670.0) -> 670
A88: =IFERROR(__xludf.DUMMYFUNCTION("""COMPUTED_VALUE"""),"กระพรุนขาล้วน--*ถัง*") -> กระพรุนขาล้วน--*ถัง* | B88: =IFERROR(__xludf.DUMMYFUNCTION("""COMPUTED_VALUE"""),10084.0) -> 10084 | C88: =IFERROR(__xludf.DUMMYFUNCTION("""COMPUTED_VALUE"""),"กระพรุนขาล้วน *ถัง*") -> กระพรุนขาล้วน *ถัง* | D88: =IFERROR(__xludf.DUMMYFUNCTION("""COMPUTED_VALUE"""),"**ของหิ้ว มหาชัย") -> **ของหิ้ว มหาชัย | F88: =IFERROR(__xludf.DUMMYFUNCTION("""COMPUTED_VALUE"""),"N") -> N | M88: =IFERROR(__xludf.DUMMYFUNCTION("""COMPUTED_VALUE"""),646.84) -> 646.84 | Q88: =IFERROR(__xludf.DUMMYFUNCTION("""COMPUTED_VALUE"""),"Y") -> Y | T88: =IFERROR(__xludf.DUMMYFUNCTION("""COMPUTED_VALUE"""),580.0) -> 580 | U88: =IFERROR(__xludf.DUMMYFUNCTION("""COMPUTED_VALUE"""),"Y") -> Y | V88: =IFERROR(__xludf.DUMMYFUNCTION("""COMPUTED_VALUE"""),850.0) -> 850 | W88: =IFERROR(__xludf.DUMMYFUNCTION("""COMPUTED_VALUE"""),0.0) -> 0
A89: =IFERROR(__xludf.DUMMYFUNCTION("""COMPUTED_VALUE"""),"กระพรุนจืด-1-kg") -> กระพรุนจืด-1-kg | B89: =IFERROR(__xludf.DUMMYFUNCTION("""COMPUTED_VALUE"""),10379.0) -> 10379 | C89: =IFERROR(__xludf.DUMMYFUNCTION("""COMPUTED_VALUE"""),"กระพรุนจืด ชั่งน้ำหนัก (100)") -> กระพรุนจืด ชั่งน้ำหนัก (100) | D89: =IFERROR(__xludf.DUMMYFUNCTION("""COMPUTED_VALUE"""),"**ของสด-ทำใหม่") -> **ของสด-ทำใหม่ | E89: =IFERROR(__xludf.DUMMYFUNCTION("""COMPUTED_VALUE"""),"<p>X</p>") -> <p>X</p> | F89: =IFERROR(__xludf.DUMMYFUNCTION("""COMPUTED_VALUE"""),"Y") -> Y | M89: =IFERROR(__xludf.DUMMYFUNCTION("""COMPUTED_VALUE"""),50.0) -> 50 | N89: =IFERROR(__xludf.DUMMYFUNCTION("""COMPUTED_VALUE"""),10379.0) -> 10379 | Q89: =IFERROR(__xludf.DUMMYFUNCTION("""COMPUTED_VALUE"""),"Y") -> Y | T89: =IFERROR(__xludf.DUMMYFUNCTION("""COMPUTED_VALUE"""),50.0) -> 50 | U89: =IFERROR(__xludf.DUMMYFUNCTION("""COMPUTED_VALUE"""),"Y") -> Y | V89: =IFERROR(__xludf.DUMMYFUNCTION("""COMPUTED_VALUE"""),100.0) -> 100 | W89: =IFERROR(__xludf.DUMMYFUNCTION("""COMPUTED_VALUE"""),173.565) -> 173.565
A90: =IFERROR(__xludf.DUMMYFUNCTION("""COMPUTED_VALUE"""),"กล่องใส่อาหาร--1-ลัง") -> กล่องใส่อาหาร--1-ลัง | B90: =IFERROR(__xludf.DUMMYFUNCTION("""COMPUTED_VALUE"""),10868.0) -> 10868 | C90: =IFERROR(__xludf.DUMMYFUNCTION("""COMPUTED_VALUE"""),"กล่องใส่อาหาร 1 ลัง") -> กล่องใส่อาหาร 1 ลัง | F90: =IFERROR(__xludf.DUMMYFUNCTION("""COMPUTED_VALUE"""),"N") -> N | M90: =IFERROR(__xludf.DUMMYFUNCTION("""COMPUTED_VALUE"""),595.0) -> 595 | Q90: =IFERROR(__xludf.DUMMYFUNCTION("""COMPUTED_VALUE"""),"Y") -> Y | T90: =IFERROR(__xludf.DUMMYFUNCTION("""COMPUTED_VALUE"""),0.0) -> 0 | U90: =IFERROR(__xludf.DUMMYFUNCTION("""COMPUTED_VALUE"""),"Y") -> Y | V90: =IFERROR(__xludf.DUMMYFUNCTION("""COMPUTED_VALUE"""),700.0) -> 700 | W90: =IFERROR(__xludf.DUMMYFUNCTION("""COMPUTED_VALUE"""),0.0) -> 0
A91: =IFERROR(__xludf.DUMMYFUNCTION("""COMPUTED_VALUE"""),"กะหล่่ำ") -> กะหล่่ำ | B91: =IFERROR(__xludf.DUMMYFUNCTION("""COMPUTED_VALUE"""),10833.0) -> 10833 | C91: =IFERROR(__xludf.DUMMYFUNCTION("""COMPUTED_VALUE"""),"กะหล่่ำ") -> กะหล่่ำ | F91: =IFERROR(__xludf.DUMMYFUNCTION("""COMPUTED_VALUE"""),"N") -> N | M91: =IFERROR(__xludf.DUMMYFUNCTION("""COMPUTED_VALUE"""),0.0) -> 0 | N91: =IFERROR(__xludf.DUMMYFUNCTION("""COMPUTED_VALUE"""),8.850016155179E12) -> 8850016155179 | Q91: =IFERROR(__xludf.DUMMYFUNCTION("""COMPUTED_VALUE"""),"N") -> N | U91: =IFERROR(__xludf.DUMMYFUNCTION("""COMPUTED_VALUE"""),"Y") -> Y
A92: =IFERROR(__xludf.DUMMYFUNCTION("""COMPUTED_VALUE"""),"ก้ามมหาชัย-500-g-ถุง-1") -> ก้ามมหาชัย-500-g-ถุง-1 | B92: =IFERROR(__xludf.DUMMYFUNCTION("""COMPUTED_VALUE"""),10141.0) -> 10141 | C92: =IFERROR(__xludf.DUMMYFUNCTION("""COMPUTED_VALUE"""),"ก้ามมหาชัย 500 g ถุง") -> ก้ามมหาชัย 500 g ถุง | D92: =IFERROR(__xludf.DUMMYFUNCTION("""COMPUTED_VALUE"""),"ทวีวงษ์-PFP") -> ทวีวงษ์-PFP | E92: =IFERROR(__xludf.DUMMYFUNCTION("""COMPUTED_VALUE"""),"<p>X</p>") -> <p>X</p> | F92: =IFERROR(__xludf.DUMMYFUNCTION("""COMPUTED_VALUE"""),"N") -> N | M92: =IFERROR(__xludf.DUMMYFUNCTION("""COMPUTED_VALUE"""),51.0) -> 51 | N92: =IFERROR(__xludf.DUMMYFUNCTION("""COMPUTED_VALUE"""),10141.0) -> 10141 | Q92: =IFERROR(__xludf.DUMMYFUNCTION("""COMPUTED_VALUE"""),"Y") -> Y | S92: =IFERROR(__xludf.DUMMYFUNCTION("""COMPUTED_VALUE"""),"ทวีวงษ์") -> ทวีวงษ์ | T92: =IFERROR(__xludf.DUMMYFUNCTION("""COMPUTED_VALUE"""),50.5) -> 50.5 | U92: =IFERROR(__xludf.DUMMYFUNCTION("""COMPUTED_VALUE"""),"Y") -> Y | V92: =IFERROR(__xludf.DUMMYFUNCTION("""COMPUTED_VALUE"""),60.0) -> 60 | W92: =IFERROR(__xludf.DUMMYFUNCTION("""COMPUTED_VALUE"""),40.0) -> 40 | X92: =IFERROR(__xludf.DUMMYFUNCTION("""COMPUTED_VALUE"""),20.0) -> 20 | Y92: =IFERROR(__xludf.DUMMYFUNCTION("""COMPUTED_VALUE"""),60.0) -> 60
A93: =IFERROR(__xludf.DUMMYFUNCTION("""COMPUTED_VALUE"""),"ก้ามมหาชัย500g-1ลัง-10kg-(20แพ็ค)-1") -> ก้ามมหาชัย500g-1ลัง-10kg-(20แพ็ค)-1 | B93: =IFERROR(__xludf.DUMMYFUNCTION("""COMPUTED_VALUE"""),10230.0) -> 10230 | C93: =IFERROR(__xludf.DUMMYFUNCTION("""COMPUTED_VALUE"""),"ก้ามมหาชัย 500 กรัม (ลัง)") -> ก้ามมหาชัย 500 กรัม (ลัง) | E93: =IFERROR(__xludf.DUMMYFUNCTION("""COMPUTED_VALUE"""),"<p>S</p>") -> <p>S</p> | F93: =IFERROR(__xludf.DUMMYFUNCTION("""COMPUTED_VALUE"""),"N") -> N | N93: =IFERROR(__xludf.DUMMYFUNCTION("""COMPUTED_VALUE"""),10230.0) -> 10230 | O93: =IFERROR(__xludf.DUMMYFUNCTION("""COMPUTED_VALUE"""),10141.0) -> 10141 | P93: =IFERROR(__xludf.DUMMYFUNCTION("""COMPUTED_VALUE"""),20.0) -> 20 | Q93: =IFERROR(__xludf.DUMMYFUNCTION("""COMPUTED_VALUE"""),"N") -> N | R93: =IFERROR(__xludf.DUMMYFUNCTION("""COMPUTED_VALUE"""),"N") -> N | U93: =IFERROR(__xludf.DUMMYFUNCTION("""COMPUTED_VALUE"""),"Y") -> Y | V93: =IFERROR(__xludf.DUMMYFUNCTION("""COMPUTED_VALUE"""),1120.0) -> 1120
A94: =IFERROR(__xludf.DUMMYFUNCTION("""COMPUTED_VALUE"""),"ก้ามโอเชี่ยน-600-g-ถุง-1") -> ก้ามโอเชี่ยน-600-g-ถุง-1 | B94: =IFERROR(__xludf.DUMMYFUNCTION("""COMPUTED_VALUE"""),10139.0) -> 10139 | C94: =IFERROR(__xludf.DUMMYFUNCTION("""COMPUTED_VALUE"""),"ก้ามโอเชี่ยน 600 g ถุง") -> ก้ามโอเชี่ยน 600 g ถุง | D94: =IFERROR(__xludf.DUMMYFUNCTION("""COMPUTED_VALUE"""),"ทวีวงษ์-PFP") -> ทวีวงษ์-PFP | E94: =IFERROR(__xludf.DUMMYFUNCTION("""COMPUTED_VALUE"""),"<p>X</p>") -> <p>X</p> | F94: =IFERROR(__xludf.DUMMYFUNCTION("""COMPUTED_VALUE"""),"N") -> N | M94: =IFERROR(__xludf.DUMMYFUNCTION("""COMPUTED_VALUE"""),58.0) -> 58 | N94: =IFERROR(__xludf.DUMMYFUNCTION("""COMPUTED_VALUE"""),10139.0) -> 10139 | Q94: =IFERROR(__xludf.DUMMYFUNCTION("""COMPUTED_VALUE"""),"Y") -> Y | S94: =IFERROR(__xludf.DUMMYFUNCTION("""COMPUTED_VALUE"""),"ทวีวงษ์") -> ทวีวงษ์ | T94: =IFERROR(__xludf.DUMMYFUNCTION("""COMPUTED_VALUE"""),58.0) -> 58 | U94: =IFERROR(__xludf.DUMMYFUNCTION("""COMPUTED_VALUE"""),"Y") -> Y | V94: =IFERROR(__xludf.DUMMYFUNCTION("""COMPUTED_VALUE"""),73.0) -> 73 | W94: =IFERROR(__xludf.DUMMYFUNCTION("""COMPUTED_VALUE"""),5.0) -> 5 | X94: =IFERROR(__xludf.DUMMYFUNCTION("""COMPUTED_VALUE"""),20.0) -> 20 | Y94: =IFERROR(__xludf.DUMMYFUNCTION("""COMPUTED_VALUE"""),40.0) -> 40
A95: =IFERROR(__xludf.DUMMYFUNCTION("""COMPUTED_VALUE"""),"ก้ามโอเชี่ยนแซ่บ-20*500-กรัม-(ลัง)") -> ก้ามโอเชี่ยนแซ่บ-20*500-กรัม-(ลัง) | B95: =IFERROR(__xludf.DUMMYFUNCTION("""COMPUTED_VALUE"""),10092.0) -> 10092 | C95: =IFERROR(__xludf.DUMMYFUNCTION("""COMPUTED_VALUE"""),"ก้ามโอเชี่ยนแซ่บ 20*500 กรัม (ลัง)") -> ก้ามโอเชี่ยนแซ่บ 20*500 กรัม (ลัง) | F95: =IFERROR(__xludf.DUMMYFUNCTION("""COMPUTED_VALUE"""),"N") -> N | M95: =IFERROR(__xludf.DUMMYFUNCTION("""COMPUTED_VALUE"""),900.0) -> 900 | Q95: =IFERROR(__xludf.DUMMYFUNCTION("""COMPUTED_VALUE"""),"Y") -> Y | S95: =IFERROR(__xludf.DUMMYFUNCTION("""COMPUTED_VALUE"""),"ทวีวงษ์") -> ทวีวงษ์ | T95: =IFERROR(__xludf.DUMMYFUNCTION("""COMPUTED_VALUE"""),900.0) -> 900 | U95: =IFERROR(__xludf.DUMMYFUNCTION("""COMPUTED_VALUE"""),"Y") -> Y | V95: =IFERROR(__xludf.DUMMYFUNCTION("""COMPUTED_VALUE"""),980.0) -> 980 | W95: =IFERROR(__xludf.DUMMYFUNCTION("""COMPUTED_VALUE"""),0.0) -> 0
A96: =IFERROR(__xludf.DUMMYFUNCTION("""COMPUTED_VALUE"""),"ก้ามโอเซี่ยน600g-1ลัง-12kg-(20แพ็ค)-1") -> ก้ามโอเซี่ยน600g-1ลัง-12kg-(20แพ็ค)-1 | B96: =IFERROR(__xludf.DUMMYFUNCTION("""COMPUTED_VALUE"""),10229.0) -> 10229 | C96: =IFERROR(__xludf.DUMMYFUNCTION("""COMPUTED_VALUE"""),"ก้ามโอเซี่ยน600g1*20แพ็ค (ลัง)") -> ก้ามโอเซี่ยน600g1*20แพ็ค (ลัง) | E96: =IFERROR(__xludf.DUMMYFUNCTION("""COMPUTED_VALUE"""),"<p>S</p>") -> <p>S</p> | F96: =IFERROR(__xludf.DUMMYFUNCTION("""COMPUTED_VALUE"""),"N") -> N | N96: =IFERROR(__xludf.DUMMYFUNCTION("""COMPUTED_VALUE"""),10229.0) -> 10229 | O96: =IFERROR(__xludf.DUMMYFUNCTION("""COMPUTED_VALUE"""),10139.0) -> 10139 | P96: =IFERROR(__xludf.DUMMYFUNCTION("""COMPUTED_VALUE"""),20.0) -> 20 | Q96: =IFERROR(__xludf.DUMMYFUNCTION("""COMPUTED_VALUE"""),"N") -> N | R96: =IFERROR(__xludf.DUMMYFUNCTION("""COMPUTED_VALUE"""),"N") -> N | U96: =IFERROR(__xludf.DUMMYFUNCTION("""COMPUTED_VALUE"""),"Y") -> Y | V96: =IFERROR(__xludf.DUMMYFUNCTION("""COMPUTED_VALUE"""),1240.0) -> 1240
A97: =IFERROR(__xludf.DUMMYFUNCTION("""COMPUTED_VALUE"""),"กุ้งกุลา-เบอร์-1(10กก)") -> กุ้งกุลา-เบอร์-1(10กก) | B97: =IFERROR(__xludf.DUMMYFUNCTION("""COMPUTED_VALUE"""),11552.0) -> 11552 | C97: =IFERROR(__xludf.DUMMYFUNCTION("""COMPUTED_VALUE"""),"กุ้งกุลา เบอร์ 1(10กก)") -> กุ้งกุลา เบอร์ 1(10กก) | E97: =IFERROR(__xludf.DUMMYFUNCTION("""COMPUTED_VALUE"""),"<p>X</p>") -> <p>X</p> | F97: =IFERROR(__xludf.DUMMYFUNCTION("""COMPUTED_VALUE"""),"N") -> N | M97: =IFERROR(__xludf.DUMMYFUNCTION("""COMPUTED_VALUE"""),1400.0) -> 1400 | N97: =IFERROR(__xludf.DUMMYFUNCTION("""COMPUTED_VALUE"""),11552.0) -> 11552 | Q97: =IFERROR(__xludf.DUMMYFUNCTION("""COMPUTED_VALUE"""),"N") -> N | U97: =IFERROR(__xludf.DUMMYFUNCTION("""COMPUTED_VALUE"""),"Y") -> Y | V97: =IFERROR(__xludf.DUMMYFUNCTION("""COMPUTED_VALUE"""),2100.0) -> 2100
A98: =IFERROR(__xludf.DUMMYFUNCTION("""COMPUTED_VALUE"""),"กุ้งขาว-30-35-ตัว-/10-กก-(240)") -> กุ้งขาว-30-35-ตัว-/10-กก-(240) | B98: =IFERROR(__xludf.DUMMYFUNCTION("""COMPUTED_VALUE"""),10309.0) -> 10309 | C98: =IFERROR(__xludf.DUMMYFUNCTION("""COMPUTED_VALUE"""),"กุ้งขาว 30-35 ตัว /10 กก (240)") -> กุ้งขาว 30-35 ตัว /10 กก (240) | F98: =IFERROR(__xludf.DUMMYFUNCTION("""COMPUTED_VALUE"""),"N") -> N | M98: =IFERROR(__xludf.DUMMYFUNCTION("""COMPUTED_VALUE"""),2185.01) -> 2185.01 | Q98: =IFERROR(__xludf.DUMMYFUNCTION("""COMPUTED_VALUE"""),"Y") -> Y | U98: =IFERROR(__xludf.DUMMYFUNCTION("""COMPUTED_VALUE"""),"Y") -> Y | V98: =IFERROR(__xludf.DUMMYFUNCTION("""COMPUTED_VALUE"""),2400.0) -> 2400 | W98: =IFERROR(__xludf.DUMMYFUNCTION("""COMPUTED_VALUE"""),0.0) -> 0
A99: =IFERROR(__xludf.DUMMYFUNCTION("""COMPUTED_VALUE"""),"10352") -> 10352 | B99: =IFERROR(__xludf.DUMMYFUNCTION("""COMPUTED_VALUE"""),10352.0) -> 10352 | C99: =IFERROR(__xludf.DUMMYFUNCTION("""COMPUTED_VALUE"""),"กุ้งขาว ฟรีส แพ็ค (60)") -> กุ้งขาว ฟรีส แพ็ค (60) | D99: =IFERROR(__xludf.DUMMYFUNCTION("""COMPUTED_VALUE"""),"**ของสด-ทำใหม่") -> **ของสด-ทำใหม่ | E99: =IFERROR(__xludf.DUMMYFUNCTION("""COMPUTED_VALUE"""),"<p>X</p>") -> <p>X</p> | F99: =IFERROR(__xludf.DUMMYFUNCTION("""COMPUTED_VALUE"""),"N") -> N | M99: =IFERROR(__xludf.DUMMYFUNCTION("""COMPUTED_VALUE"""),55.0) -> 55 | N99: =IFERROR(__xludf.DUMMYFUNCTION("""COMPUTED_VALUE"""),10352.0) -> 10352 | Q99: =IFERROR(__xludf.DUMMYFUNCTION("""COMPUTED_VALUE"""),"Y") -> Y | T99: =IFERROR(__xludf.DUMMYFUNCTION("""COMPUTED_VALUE"""),40.0) -> 40 | U99: =IFERROR(__xludf.DUMMYFUNCTION("""COMPUTED_VALUE"""),"Y") -> Y | V99: =IFERROR(__xludf.DUMMYFUNCTION("""COMPUTED_VALUE"""),60.0) -> 60 | W99: =IFERROR(__xludf.DUMMYFUNCTION("""COMPUTED_VALUE"""),0.0) -> 0 | X99: =IFERROR(__xludf.DUMMYFUNCTION("""COMPUTED_VALUE"""),1.0) -> 1
A100: =IFERROR(__xludf.DUMMYFUNCTION("""COMPUTED_VALUE"""),"กุ้งพันสาหร่าย-15*400g-(หิ้ว)") -> กุ้งพันสาหร่าย-15*400g-(หิ้ว) | B100: =IFERROR(__xludf.DUMMYFUNCTION("""COMPUTED_VALUE"""),11300.0) -> 11300 | C100: =IFERROR(__xludf.DUMMYFUNCTION("""COMPUTED_VALUE"""),"กุ้งพันสาหร่าย 15*400g (หิ้ว)") -> กุ้งพันสาหร่าย 15*400g (หิ้ว) | E100: =IFERROR(__xludf.DUMMYFUNCTION("""COMPUTED_VALUE"""),"<p>S</p>") -> <p>S</p> | F100: =IFERROR(__xludf.DUMMYFUNCTION("""COMPUTED_VALUE"""),"N") -> N | N100: =IFERROR(__xludf.DUMMYFUNCTION("""COMPUTED_VALUE"""),8.85882150032E12) -> 8858821500320 | O100: =IFERROR(__xludf.DUMMYFUNCTION("""COMPUTED_VALUE"""),10728.0) -> 10728 | P100: =IFERROR(__xludf.DUMMYFUNCTION("""COMPUTED_VALUE"""),15.0) -> 15 | Q100: =IFERROR(__xludf.DUMMYFUNCTION("""COMPUTED_VALUE"""),"N") -> N | R100: =IFERROR(__xludf.DUMMYFUNCTION("""COMPUTED_VALUE"""),"N") -> N | U100: =IFERROR(__xludf.DUMMYFUNCTION("""COMPUTED_VALUE"""),"Y") -> Y | V100: =IFERROR(__xludf.DUMMYFUNCTION("""COMPUTED_VALUE"""),600.0) -> 600
...

Sheet เช็คราคา
A1: 🥩 หมวดเนื้อหมู และเนื้อวัว (สไลด์/หมัก) | B1: ราคา | C1: ก.ก. ละ | F1: รหัสสินค้า | I1: =IFNA(CONCATENATE(VLOOKUP($G1,export_items!$B:$V,2,0)," @",VLOOKUP($G1,export_items!$B:$V,21,0)),"")
A2: สามชั้นหมัก นุ่ม งา A (ทองสุข) 5 กก./ถุง | B2: 590 | C2: =B2/5 -> 118 | F2: 10263 | H2: =CONCATENATE(VLOOKUP($F2,export_items!$B:$V,2,0)," @",VLOOKUP($F2,export_items!$B:$V,21,0)) -> สามชั้น A (นุ่ม) ทองสุข -118 @590 | I2: =IFNA(CONCATENATE(VLOOKUP($G2,export_items!$B:$V,2,0)," @",VLOOKUP($G2,export_items!$B:$V,21,0)),"")
A3: สามชั้นหมัก นุ่ม งา (4K) 5 กก./ถุง | B3: 765 | C3: =B3/5 -> 153 | F3: 10676 | H3: =CONCATENATE(VLOOKUP($F3,export_items!$B:$V,2,0)," @",VLOOKUP($F3,export_items!$B:$V,21,0)) -> สามชั้น 4k นุ่ม - 153 @765 | I3: =IFNA(CONCATENATE(VLOOKUP($G3,export_items!$B:$V,2,0)," @",VLOOKUP($G3,export_items!$B:$V,21,0)),"")
A4: สามชั้นหมัก นุ่ม งา (2K) 5 กก./ถุง | B4: 525 | C4: =B4/5 -> 105 | F4: 10671 | H4: =CONCATENATE(VLOOKUP($F4,export_items!$B:$V,2,0)," @",VLOOKUP($F4,export_items!$B:$V,21,0)) -> สามชั้น 2k (นุ่ม) - 105 @525 | I4: =IFNA(CONCATENATE(VLOOKUP($G4,export_items!$B:$V,2,0)," @",VLOOKUP($G4,export_items!$B:$V,21,0)),"")
A5: สามชั้น นุ่ม งา (ถุงใส) งา 5 กก./ถุง | B5: 490 | C5: =B5/5 -> 98 | F5: 10682 | H5: =CONCATENATE(VLOOKUP($F5,export_items!$B:$V,2,0)," @",VLOOKUP($F5,export_items!$B:$V,21,0)) -> สามชั้น (ถุงใส) งา - 98 @490 | I5: =IFNA(CONCATENATE(VLOOKUP($G5,export_items!$B:$V,2,0)," @",VLOOKUP($G5,export_items!$B:$V,21,0)),"")
A6: หมูหมัก นุ่ม งา (ถุงใส) 5 กก./ถุง | B6: 375 | C6: =B6/5 -> 75 | F6: 10514 | H6: =CONCATENATE(VLOOKUP($F6,export_items!$B:$V,2,0)," @",VLOOKUP($F6,export_items!$B:$V,21,0)) -> หมูหมัก(ถุงใส) นุ่ม -75 @375 | I6: =IFNA(CONCATENATE(VLOOKUP($G6,export_items!$B:$V,2,0)," @",VLOOKUP($G6,export_items!$B:$V,21,0)),"")
A7: หมูหมัก สมชาย 5 กก./ถุง | B7: 400 | C7: =B7/5 -> 80 | F7: 10159 | H7: =CONCATENATE(VLOOKUP($F7,export_items!$B:$V,2,0)," @",VLOOKUP($F7,export_items!$B:$V,21,0)) -> หมูนุ่ม (สมชาย) 5 กก. - 80 @400 | I7: =IFNA(CONCATENATE(VLOOKUP($G7,export_items!$B:$V,2,0)," @",VLOOKUP($G7,export_items!$B:$V,21,0)),"")
A8: สามชั้นหมัก พีเมี่ยม (VJ) 5 กก. | B8: 725 | C8: =B8/5 -> 145 | F8: 11379 | H8: =CONCATENATE(VLOOKUP($F8,export_items!$B:$V,2,0)," @",VLOOKUP($F8,export_items!$B:$V,21,0)) -> สามชั้น พีเมียม Vj ถุง5kg(145) @725 | I8: =IFNA(CONCATENATE(VLOOKUP($G8,export_items!$B:$V,2,0)," @",VLOOKUP($G8,export_items!$B:$V,21,0)),"")
A9: ลอกหนัง (ถุงใส) 5 กก. (หิ้ว) | B9: 490 | C9: =B9/5 -> 98 | F9: 10196 | H9: =CONCATENATE(VLOOKUP($F9,export_items!$B:$V,2,0)," @",VLOOKUP($F9,export_items!$B:$V,21,0)) -> ลอกหนัง (ถุงใส) 5 กก. (หิ้ว) - 98 @490 | I9: =IFNA(CONCATENATE(VLOOKUP($G9,export_items!$B:$V,2,0)," @",VLOOKUP($G9,export_items!$B:$V,21,0)),"")
A10: ลอกหนัง TS 5 กก. (หิ้ว) | B10: 475 | C10: =B10/5 -> 95 | F10: 10154 | H10: =CONCATENATE(VLOOKUP($F10,export_items!$B:$V,2,0)," @",VLOOKUP($F10,export_items!$B:$V,21,0)) -> ลอกหนัง TS 5 กก. (หิ้ว) - 95 @475 | I10: =IFNA(CONCATENATE(VLOOKUP($G10,export_items!$B:$V,2,0)," @",VLOOKUP($G10,export_items!$B:$V,21,0)),"")
A11: หมูชาบู (ฟ้า) 5 กก. (หิ้ว) | B11: 475 | C11: =B11/5 -> 95 | F11: 10895 | H11: =CONCATENATE(VLOOKUP($F11,export_items!$B:$V,2,0)," @",VLOOKUP($F11,export_items!$B:$V,21,0)) -> หมูชาบู(ฟ้า) 5 กก/หิ้ว -95 @475 | I11: =IFNA(CONCATENATE(VLOOKUP($G11,export_items!$B:$V,2,0)," @",VLOOKUP($G11,export_items!$B:$V,21,0)),"")
A12: หมูกลม TS 5 กก. (หิ้ว) | B12: 475 | C12: =B12/5 -> 95 | F12: 10155 | H12: =CONCATENATE(VLOOKUP($F12,export_items!$B:$V,2,0)," @",VLOOKUP($F12,export_items!$B:$V,21,0)) -> หมูกลม TS 5 กก (หิ้ว) - 95 @475 | I12: =IFNA(CONCATENATE(VLOOKUP($G12,export_items!$B:$V,2,0)," @",VLOOKUP($G12,export_items!$B:$V,21,0)),"")
A13: สันคอชาบู หมูอร่อย 5 กก./หิ้วเขียว | B13: 550 | C13: =B13/5 -> 110 | F13: 10898 | H13: =CONCATENATE(VLOOKUP($F13,export_items!$B:$V,2,0)," @",VLOOKUP($F13,export_items!$B:$V,21,0)) -> สันคอชาบู หมูอร่อย 5 กก./หิ้วเขียว - 110 @550 | I13: =IFNA(CONCATENATE(VLOOKUP($G13,export_items!$B:$V,2,0)," @",VLOOKUP($G13,export_items!$B:$V,21,0)),"")
... A25: เนื้อสไลด์ (ถุงแดง) 5 กก.(หิ้ว) | B25: 740 | C25: =B25/5 -> 148 | F25: 10977 | H25: =CONCATENATE(VLOOKUP($F25,export_items!$B:$V,2,0)," @",VLOOKUP($F25,export_items!$B:$V,21,0)) -> เนื้อสไลด์ (ถุงแดง) 5 กก.(หิ้ว) - 148 @740 | I25: =IFNA(CONCATENATE(VLOOKUP($G25,export_items!$B:$V,2,0)," @",VLOOKUP($G25,export_items!$B:$V,21,0)),"")
A26: เนื้อวัวนุ่ม (สมชาย) 2 กก./ถุง | B26: 190 | C26: =B26/2 -> 95 | F26: 11543 | H26: =CONCATENATE(VLOOKUP($F26,export_items!$B:$V,2,0)," @",VLOOKUP($F26,export_items!$B:$V,21,0)) -> เนื้อวัวนุ่ม (สมชาย) 2 กก./ถุง - 95 @190 | I26: =IFNA(CONCATENATE(VLOOKUP($G26,export_items!$B:$V,2,0)," @",VLOOKUP($G26,export_items!$B:$V,21,0)),"")
A27: หมูเด้งหลอด 5 แพ็ค (หิ้ว) | B27: 400 | C27: =B27/5 -> 80 | F27: 11251 | H27: =CONCATENATE(VLOOKUP($F27,export_items!$B:$V,2,0)," @",VLOOKUP($F27,export_items!$B:$V,21,0)) -> หมูเด้งหลอด 5 แพ็ค (หิ้ว) @400 | I27: =IFNA(CONCATENATE(VLOOKUP($G27,export_items!$B:$V,2,0)," @",VLOOKUP($G27,export_items!$B:$V,21,0)),"")
A28: หมูนุ่ม เบทาโกร (ลัง) | B28: 980 | C28: =B28/10 -> 98 | F28: 10300 | H28: =CONCATENATE(VLOOKUP($F28,export_items!$B:$V,2,0)," @",VLOOKUP($F28,export_items!$B:$V,21,0)) -> หมูนุ่มเบทาโกร 10*1 Kg ลัง @980 | I28: =IFNA(CONCATENATE(VLOOKUP($G28,export_items!$B:$V,2,0)," @",VLOOKUP($G28,export_items!$B:$V,21,0)),"")
A29: หมูนุ่มหมักปรุงรส เบทาโกร (ลัง) | B29: 900 | C29: =B29/10 -> 90 | F29: 10709 | H29: =CONCATENATE(VLOOKUP($F29,export_items!$B:$V,2,0)," @",VLOOKUP($F29,export_items!$B:$V,21,0)) -> หมูนุ่มหมักปรุงรส ลัง10กก -90 @900 | I29: =IFNA(CONCATENATE(VLOOKUP($G29,export_items!$B:$V,2,0)," @",VLOOKUP($G29,export_items!$B:$V,21,0)),"")
I30: =IFNA(CONCATENATE(VLOOKUP($G30,export_items!$B:$V,2,0)," @",VLOOKUP($G30,export_items!$B:$V,21,0)),"")
A31: 🥗 หมวดเครื่องใน และของยำ | B31: ราคา | C31: ก.ก. ละ | F31: รหัสสินค้า | H31: =CONCATENATE(VLOOKUP($F31,export_items!$B:$V,2,0)," @",VLOOKUP($F31,export_items!$B:$V,21,0)) -> #N/A | I31: =IFNA(CONCATENATE(VLOOKUP($G31,export_items!$B:$V,2,0)," @",VLOOKUP($G31,export_items!$B:$V,21,0)),"")
A32: ขายำ 5 กก./ถุง | B32: 300 | C32: =B32/5 -> 60 | F32: 10286 | H32: =CONCATENATE(VLOOKUP($F32,export_items!$B:$V,2,0)," @",VLOOKUP($F32,export_items!$B:$V,21,0)) -> ขายำ 5 กก./ถุง - 60 @300 | I32: =IFNA(CONCATENATE(VLOOKUP($G32,export_items!$B:$V,2,0)," @",VLOOKUP($G32,export_items!$B:$V,21,0)),"")
A33: หมึกกรอบหั่น 5 กก./ถุง | B33: 515 | C33: =B33/5 -> 103 | F33: 10232 | H33: =CONCATENATE(VLOOKUP($F33,export_items!$B:$V,2,0)," @",VLOOKUP($F33,export_items!$B:$V,21,0)) -> หมึกกรอบหั่น 5 กก./ถุง - 103 @515 | I33: =IFNA(CONCATENATE(VLOOKUP($G33,export_items!$B:$V,2,0)," @",VLOOKUP($G33,export_items!$B:$V,21,0)),"")
A34: หมึกกรอบตัว 5 กก./ถุง | B34: 515 | C34: =B34/5 -> 103 | F34: 10335 | H34: =CONCATENATE(VLOOKUP($F34,export_items!$B:$V,2,0)," @",VLOOKUP($F34,export_items!$B:$V,21,0)) -> หมึกกรอบตัว 5 กก./ถุง - 103 @515 | I34: =IFNA(CONCATENATE(VLOOKUP($G34,export_items!$B:$V,2,0)," @",VLOOKUP($G34,export_items!$B:$V,21,0)),"")
A35: สไบหั่น 5 กก./ถุง | B35: 690 | C35: =B35/5 -> 138 | F35: 10233 | H35: =CONCATENATE(VLOOKUP($F35,export_items!$B:$V,2,0)," @",VLOOKUP($F35,export_items!$B:$V,21,0)) -> สไบหั่น 5กก/ถุง -138 @690 | I35: =IFNA(CONCATENATE(VLOOKUP($G35,export_items!$B:$V,2,0)," @",VLOOKUP($G35,export_items!$B:$V,21,0)),"")
A36: สไบผืน A 5 กก./ถุง | B36: 775 | C36: =B36/5 -> 155 | F36: 10373 | H36: =CONCATENATE(VLOOKUP($F36,export_items!$B:$V,2,0)," @",VLOOKUP($F36,export_items!$B:$V,21,0)) -> สไบผืน A 5 กก./ถุง - 155 @775 | I36: =IFNA(CONCATENATE(VLOOKUP($G36,export_items!$B:$V,2,0)," @",VLOOKUP($G36,export_items!$B:$V,21,0)),"")
A37: สไบจุก 5 กก./ถุง | B37: 660 | C37: =B37/5 -> 132 | F37: 11421 | H37: =CONCATENATE(VLOOKUP($F37,export_items!$B:$V,2,0)," @",VLOOKUP($F37,export_items!$B:$V,21,0)) -> สไบจุก 5 กก/ถุง -132 @660 | I37: =IFNA(CONCATENATE(VLOOKUP($G37,export_items!$B:$V,2,0)," @",VLOOKUP($G37,export_items!$B:$V,21,0)),"")
A38: ไส้ตันเล็ก 5 กก./ถุง | B38: 590 | C38: =B38/5 -> 118 | F38: 10302 | H38: =CONCATENATE(VLOOKUP($F38,export_items!$B:$V,2,0)," @",VLOOKUP($F38,export_items!$B:$V,21,0)) -> ไส้ตันเล็ก 5 กก./ถุง - 118 @590 | I38: =IFNA(CONCATENATE(VLOOKUP($G38,export_items!$B:$V,2,0)," @",VLOOKUP($G38,export_items!$B:$V,21,0)),"")
A39: ไส้ตันกลาง 5 กก./ถุง | B39: 725 | C39: =B39/5 -> 145 | F39: 10303 | H39: =CONCATENATE(VLOOKUP($F39,export_items!$B:$V,2,0)," @",VLOOKUP($F39,export_items!$B:$V,21,0)) -> ไส้ตันกลาง 5 กก./ถุง - 145 @725 | I39: =IFNA(CONCATENATE(VLOOKUP($G39,export_items!$B:$V,2,0)," @",VLOOKUP($G39,export_items!$B:$V,21,0)),"")
A40: ไข่นกกระทา 500 กรัม 10 ถุง(หิ้ว) | B40: 780 | C40: =B40/10 -> 78 | F40: 31431 | H40: =CONCATENATE(VLOOKUP($F40,export_items!$B:$V,2,0)," @",VLOOKUP($F40,export_items!$B:$V,21,0)) -> ไข่นกกระทา 500 กรัม 10 ถุง(หิ้ว) - 78 @780 | I40: =IFNA(CONCATENATE(VLOOKUP($G40,export_items!$B:$V,2,0)," @",VLOOKUP($G40,export_items!$B:$V,21,0)),"")
A41: แมงกะพรุนจืด 5 กก.(หิ้ว) | B41: 450 | C41: =B41/5 -> 90 | F41: 10468 | H41: =CONCATENATE(VLOOKUP($F41,export_items!$B:$V,2,0)," @",VLOOKUP($F41,export_items!$B:$V,21,0)) -> แมงกะพรุนจืด 5 กก.(หิ้ว) - 90 @450 | I41: =IFNA(CONCATENATE(VLOOKUP($G41,export_items!$B:$V,2,0)," @",VLOOKUP($G41,export_items!$B:$V,21,0)),"")
I42: =IFNA(CONCATENATE(VLOOKUP($G42,export_items!$B:$V,2,0)," @",VLOOKUP($G42,export_items!$B:$V,21,0)),"")
A43: 🦑 หมวดอาหารทะเล (หมึก ปลา ชิ้น) | B43: ราคา | C43: ก.ก. ละ | D43: แบ่งขาย | F43: รหัสสินค้า | I43: =IFNA(CONCATENATE(VLOOKUP($G43,export_items!$B:$V,2,0)," @",VLOOKUP($G43,export_items!$B:$V,21,0)),"")
A44: หมึกบั้ง A (ลัง) | B44: 540 | C44: =B44/10 -> 54 | D44: 68 | F44: 10122 | G44: 10121 | H44: =CONCATENATE(VLOOKUP($F44,export_items!$B:$V,2,0)," @",VLOOKUP($F44,export_items!$B:$V,21,0)) -> หมึกบั้ง A (ลัง) - 54 @540 | I44: =IFNA(CONCATENATE(VLOOKUP($G44,export_items!$B:$V,2,0)," @",VLOOKUP($G44,export_items!$B:$V,21,0)),"") -> (S) หมึกบั้งA แพ็ค 1Kg @68
A45: หมึกวง (ลัง) | B45: 590 | C45: =B45/10 -> 59 | D45: 65 | F45: 11359 | G45: 11357 | H45: =CONCATENATE(VLOOKUP($F45,export_items!$B:$V,2,0)," @",VLOOKUP($F45,export_items!$B:$V,21,0)) -> หมึกวง (ลัง) - 59 @590 | I45: =IFNA(CONCATENATE(VLOOKUP($G45,export_items!$B:$V,2,0)," @",VLOOKUP($G45,export_items!$B:$V,21,0)),"") -> (S) หมึกวง แพ็ค 1kg(65) @65
A46: หนวดหั่น (ลัง) | B46: 550 | C46: =B46/10 -> 55 | D46: 63 | F46: 10429 | G46: 10013 | H46: =CONCATENATE(VLOOKUP($F46,export_items!$B:$V,2,0)," @",VLOOKUP($F46,export_items!$B:$V,21,0)) -> หนวดหั่น (ลัง) @550 | I46: =IFNA(CONCATENATE(VLOOKUP($G46,export_items!$B:$V,2,0)," @",VLOOKUP($G46,export_items!$B:$V,21,0)),"") -> หนวดหั่น 1Kg @63
A47: หนวดเบบี๋จิ๋ว (ลัง) | B47: 600 | C47: =B47/10 -> 60 | D47: 70 | F47: 10609 | G47: 10123 | H47: =CONCATENATE(VLOOKUP($F47,export_items!$B:$V,2,0)," @",VLOOKUP($F47,export_items!$B:$V,21,0)) -> หนวดเบบี๋จิ๋ว (ลัง) @600 | I47: =IFNA(CONCATENATE(VLOOKUP($G47,export_items!$B:$V,2,0)," @",VLOOKUP($G47,export_items!$B:$V,21,0)),"") -> หนวดเบบี๋จิ๋ว แพ็ค 1Kg @70
A48: หมึกวงติดปีก (ลัง) | B48: 570 | C48: =B48/10 -> 57 | D48: 60 | F48: 10201 | G48: 10200 | H48: =CONCATENATE(VLOOKUP($F48,export_items!$B:$V,2,0)," @",VLOOKUP($F48,export_items!$B:$V,21,0)) -> หมึกวงติดปีก (ลัง) - 57 @570 | I48: =IFNA(CONCATENATE(VLOOKUP($G48,export_items!$B:$V,2,0)," @",VLOOKUP($G48,export_items!$B:$V,21,0)),"") -> (S) หมึกวงติดปีก ถุง1 กก(60) @60
A49: หมึกบั้งมะเฟือง (ลัง) | B49: 630 | C49: =B49/10 -> 63 | D49: 70 | F49: 10306 | G49: 10305 | H49: =CONCATENATE(VLOOKUP($F49,export_items!$B:$V,2,0)," @",VLOOKUP($F49,export_items!$B:$V,21,0)) -> หมึกบั้งมะเฟือง (ลัง) @630 | I49: =IFNA(CONCATENATE(VLOOKUP($G49,export_items!$B:$V,2,0)," @",VLOOKUP($G49,export_items!$B:$V,21,0)),"") -> (S) หมึกบั้งมะเฟือง 1 Kg @70
A50: หมึกดอกไม้ A (ลัง) | B50: 610 | C50: =B50/10 -> 61 | D50: 69 | F50: 10044 | G50: 10043 | H50: =CONCATENATE(VLOOKUP($F50,export_items!$B:$V,2,0)," @",VLOOKUP($F50,export_items!$B:$V,21,0)) -> หมึกดอกไม้ A (ลัง) @610 | I50: =IFNA(CONCATENATE(VLOOKUP($G50,export_items!$B:$V,2,0)," @",VLOOKUP($G50,export_items!$B:$V,21,0)),"") -> หมึกดอกไม้ 1Kg @69
A51: ปลายหนวด ติดโคน (ลัง) | B51: 770 | C51: =B51/10 -> 77 | D51: 85 | F51: 11420 | G51: 11419 | H51: =CONCATENATE(VLOOKUP($F51,export_items!$B:$V,2,0)," @",VLOOKUP($F51,export_items!$B:$V,21,0)) -> ปลายหนวด ติดโคน (ลัง) @770 | I51: =IFNA(CONCATENATE(VLOOKUP($G51,export_items!$B:$V,2,0)," @",VLOOKUP($G51,export_items!$B:$V,21,0)),"") -> ปลายหนวด ติดโคน 1กก @85
A52: ปลายหนวด เรด้ามิกซ์ (ลัง) | B52: 630 | C52: =B52/10 -> 63 | F52: 11356 | H52: =CONCATENATE(VLOOKUP($F52,export_items!$B:$V,2,0)," @",VLOOKUP($F52,export_items!$B:$V,21,0)) -> ปลายหนวด เรด้ามิกซ์ (ลัง) @630 | I52: =IFNA(CONCATENATE(VLOOKUP($G52,export_items!$B:$V,2,0)," @",VLOOKUP($G52,export_items!$B:$V,21,0)),"")
A53: ปลายหนวด A (ลัง) | B53: 830 | C53: =B53/10 -> 83 | F53: 11236 | H53: =CONCATENATE(VLOOKUP($F53,export_items!$B:$V,2,0)," @",VLOOKUP($F53,export_items!$B:$V,21,0)) -> ปลายหนวด A (ลัง) @830 | I53: =IFNA(CONCATENATE(VLOOKUP($G53,export_items!$B:$V,2,0)," @",VLOOKUP($G53,export_items!$B:$V,21,0)),"")
A54: คอเอ็นแก้ว (ลัง) | B54: 390 | C54: =B54/10 -> 39 | F54: 10944 | H54: =CONCATENATE(VLOOKUP($F54,export_items!$B:$V,2,0)," @",VLOOKUP($F54,export_items!$B:$V,21,0)) -> คอเอ็นแก้ว1*10 (ลัง) @390 | I54: =IFNA(CONCATENATE(VLOOKUP($G54,export_items!$B:$V,2,0)," @",VLOOKUP($G54,export_items!$B:$V,21,0)),"")
A55: ดอลลี่หั่น (น้ำเงิน) (ลัง) | B55: 470 | C55: =B55/10 -> 47 | F55: 11188 | H55: =CONCATENATE(VLOOKUP($F55,export_items!$B:$V,2,0)," @",VLOOKUP($F55,export_items!$B:$V,21,0)) -> ดอลลี่หั่น (น้ำเงิน) (ลัง) - 47 @470 | I55: =IFNA(CONCATENATE(VLOOKUP($G55,export_items!$B:$V,2,0)," @",VLOOKUP($G55,export_items!$B:$V,21,0)),"")
A56: ดอลลี่หั่น (น้ำตาล) (ลัง) | B56: 680 | C56: =B56/10 -> 68 | D56: 70 | F56: 10472 | G56: 10048 | H56: =CONCATENATE(VLOOKUP($F56,export_items!$B:$V,2,0)," @",VLOOKUP($F56,export_items!$B:$V,21,0)) -> ดอลลี่หั่น (น้ำตาล) (ลัง) @680 | I56: =IFNA(CONCATENATE(VLOOKUP($G56,export_items!$B:$V,2,0)," @",VLOOKUP($G56,export_items!$B:$V,21,0)),"") -> (S) ดอลลี่หั่น (น้ำตาล) 1kg @70
A57: ดอลลี่ตัว (เขียว) (ลัง) | B57: 560 | C57: =B57/10 -> 56 | F57: 10118 | H57: =CONCATENATE(VLOOKUP($F57,export_items!$B:$V,2,0)," @",VLOOKUP($F57,export_items!$B:$V,21,0)) -> ดอลลี่ตัว (เขียว) (ลัง) -560 @560 | I57: =IFNA(CONCATENATE(VLOOKUP($G57,export_items!$B:$V,2,0)," @",VLOOKUP($G57,export_items!$B:$V,21,0)),"")
A58: ดอลลี่ตัว (น้ำตาล) (ลัง) | B58: 650 | C58: =B58/10 -> 65 | D58: 85 | F58: 10437 | G58: 10436 | H58: =CONCATENATE(VLOOKUP($F58,export_items!$B:$V,2,0)," @",VLOOKUP($F58,export_items!$B:$V,21,0)) -> ดอลลี่ตัว (น้ำตาล) (ลัง) - 65 @650 | I58: =IFNA(CONCATENATE(VLOOKUP($G58,export_items!$B:$V,2,0)," @",VLOOKUP($G58,export_items!$B:$V,21,0)),"") -> ดอลลี่ตัว (น้ำตาล) 1Kg-85 @85
A59: ท้องม่อน (ลัง) | B59: 840 | C59: =B59/10 -> 84 | D59: 90 | F59: 10104 | G59: 10103 | H59: =CONCATENATE(VLOOKUP($F59,export_items!$B:$V,2,0)," @",VLOOKUP($F59,export_items!$B:$V,21,0)) -> ท้องม่อน (ลัง) - 84 @840 | I59: =IFNA(CONCATENATE(VLOOKUP($G59,export_items!$B:$V,2,0)," @",VLOOKUP($G59,export_items!$B:$V,21,0)),"") -> ท้องม่อน 1Kg @90
I60: =IFNA(CONCATENATE(VLOOKUP($G60,export_items!$B:$V,2,0)," @",VLOOKUP($G60,export_items!$B:$V,21,0)),"")
I61: =IFNA(CONCATENATE(VLOOKUP($G61,export_items!$B:$V,2,0)," @",VLOOKUP($G61,export_items!$B:$V,21,0)),"")
A62: 🍟 หมวดของทานเล่น และของทอด | B62: ราคา | C62: ก.ก. ละ | D62: แบ่งขาย | F62: รหัสสินค้า | I62: =IFNA(CONCATENATE(VLOOKUP($G62,export_items!$B:$V,2,0)," @",VLOOKUP($G62,export_items!$B:$V,21,0)),"")
A63: ขนมจีบไส้ทะลัก 1กก. (หิ้ว) | B63: 1000 | C63: =B63/10 -> 100 | D63: 105 | F63: 10481 | G63: 11581 | H63: =CONCATENATE(VLOOKUP($F63,export_items!$B:$V,2,0)," @",VLOOKUP($F63,export_items!$B:$V,21,0)) -> ขนมจีบไส้ทะลัก 10 แพ็ค (หิ้ว) @1000 | I63: =IFNA(CONCATENATE(VLOOKUP($G63,export_items!$B:$V,2,0)," @",VLOOKUP($G63,export_items!$B:$V,21,0)),"") -> ขนมจีบไส้ทะลัก แพ็ค 1กก @105
A64: ขนมจีบหมู 390 กรัม 10 แพ็ค (ลัง) | B64: 630 | C64: =B64/10 -> 63 | D64: 65 | F64: 10503 | G64: 10755 | H64: =CONCATENATE(VLOOKUP($F64,export_items!$B:$V,2,0)," @",VLOOKUP($F64,export_items!$B:$V,21,0)) -> ขนมจีบหมู 390 กรัม 10 แพ็ค (ลัง) @630 | I64: =IFNA(CONCATENATE(VLOOKUP($G64,export_items!$B:$V,2,0)," @",VLOOKUP($G64,export_items!$B:$V,21,0)),"") -> ขนมจีบหมู 390g/แพ็ค @65
A65: ฟองเต้าหู้ถาด 32 แพ็ค (ลัง) | B65: 1180 | C65: =B65/32 -> 36.875 | D65: 48 | F65: 10344 | G65: 10220 | H65: =CONCATENATE(VLOOKUP($F65,export_items!$B:$V,2,0)," @",VLOOKUP($F65,export_items!$B:$V,21,0)) -> ฟองเต้าหู้ถาด 32 แพ็ค (ลัง) @1180 | I65: =IFNA(CONCATENATE(VLOOKUP($G65,export_items!$B:$V,2,0)," @",VLOOKUP($G65,export_items!$B:$V,21,0)),"") -> ฟองเต้าหู้ถาด (แพ็ค) @48
A66: เฟรนช์ฟรายส์ วีนัส 7 มิล (ลัง) | B66: 530 | C66: =B66/10 -> 53 | D66: 70 | F66: 10995 | G66: 10018 | H66: =CONCATENATE(VLOOKUP($F66,export_items!$B:$V,2,0)," @",VLOOKUP($F66,export_items!$B:$V,21,0)) -> เฟรนฟาย วีนัส 7 มิล (ลัง) @530 | I66: =IFNA(CONCATENATE(VLOOKUP($G66,export_items!$B:$V,2,0)," @",VLOOKUP($G66,export_items!$B:$V,21,0)),"") -> เฟรนฟาย วีนัส 7มิลถุง1Kg @70
A67: เฟรนช์ฟรายส์ ยูเรนัส 10 มิล (ลัง) | B67: 530 | C67: =B67/10 -> 53 | D67: 70 | F67: 10765 | G67: 10382 | H67: =CONCATENATE(VLOOKUP($F67,export_items!$B:$V,2,0)," @",VLOOKUP($F67,export_items!$B:$V,21,0)) -> เฟรนฟายยูเรนัส 10มิล(ลัง)-53 @530 | I67: =IFNA(CONCATENATE(VLOOKUP($G67,export_items!$B:$V,2,0)," @",VLOOKUP($G67,export_items!$B:$V,21,0)),"") -> เฟรนฟายยูเรนัส 10มิล 1kg @70
A68: เฟรนช์ฟรายส์ หยัก (ลัง) | B68: 530 | C68: =B68/10 -> 53 | D68: 70 | F68: 10445 | G68: 10076 | H68: =CONCATENATE(VLOOKUP($F68,export_items!$B:$V,2,0)," @",VLOOKUP($F68,export_items!$B:$V,21,0)) -> เฟรนฟาย หยัก (ลัง) - 53 @530 | I68: =IFNA(CONCATENATE(VLOOKUP($G68,export_items!$B:$V,2,0)," @",VLOOKUP($G68,export_items!$B:$V,21,0)),"") -> เฟรนฟายหยัก แพ็ค 1กก @70
A69: นักเก็ตไก่ ซันเวลเล่ (ลัง) | B69: 1150 | C69: =B69/10 -> 115 | D69: 120 | F69: 10090 | G69: 10089 | H69: =CONCATENATE(VLOOKUP($F69,export_items!$B:$V,2,0)," @",VLOOKUP($F69,export_items!$B:$V,21,0)) -> นักเก็ตไก่ ซันเวลเล่ (ลัง) - 115 @1150 | I69: =IFNA(CONCATENATE(VLOOKUP($G69,export_items!$B:$V,2,0)," @",VLOOKUP($G69,export_items!$B:$V,21,0)),"") -> นักเก็ตไก่ ซันเวลเล่ 1Kg @120
A70: นักเก็ต ถุงชมพู 8 กก. (ลัง) | B70: 800 | C70: =B70/8 -> 100 | F70: 10112 | H70: =CONCATENATE(VLOOKUP($F70,export_items!$B:$V,2,0)," @",VLOOKUP($F70,export_items!$B:$V,21,0)) -> นักเก็ต ถุงชมพู 8 กก. (ลัง) @800 | I70: =IFNA(CONCATENATE(VLOOKUP($G70,export_items!$B:$V,2,0)," @",VLOOKUP($G70,export_items!$B:$V,21,0)),"")
A71: ไก่ป๊อป ซันเวลเล่ (ลัง) | B71: 1120 | C71: =B71/10 -> 112 | F71: 10385 | H71: =CONCATENATE(VLOOKUP($F71,export_items!$B:$V,2,0)," @",VLOOKUP($F71,export_items!$B:$V,21,0)) -> ไก่ป๊อป ซันเวลเล่ (ลัง) @1120 | I71: =IFNA(CONCATENATE(VLOOKUP($G71,export_items!$B:$V,2,0)," @",VLOOKUP($G71,export_items!$B:$V,21,0)),"")
A72: ซาลาเปา 20 ลูก ไส้ครีม 14 แพ็ค (ลัง) | B72: 1120 | C72: =B72/14 -> 80 | D72: 85 | F72: 11146 | G72: 10719 | H72: =CONCATENATE(VLOOKUP($F72,export_items!$B:$V,2,0)," @",VLOOKUP($F72,export_items!$B:$V,21,0)) -> ซาลาเปา 20ลูก ไส้ครีม 14 แพ็ค (ลัง) @1120 | I72: =IFNA(CONCATENATE(VLOOKUP($G72,export_items!$B:$V,2,0)," @",VLOOKUP($G72,export_items!$B:$V,21,0)),"") -> ซาลาเปา20ลูก ไส้ครีม(แพ็ค) @85
I73: =IFNA(CONCATENATE(VLOOKUP($G73,export_items!$B:$V,2,0)," @",VLOOKUP($G73,export_items!$B:$V,21,0)),"")
A74: 🥓 หมวดเครื่องในหมู | B74: ราคา | C74: ก.ก. ละ | D74: แบ่งขาย | I74: =IFNA(CONCATENATE(VLOOKUP($G74,export_items!$B:$V,2,0)," @",VLOOKUP($G74,export_items!$B:$V,21,0)),"")
A75: ตับหมู ลัง 10 กก. | B75: 850 | C75: =B75/10 -> 85 | D75: 90 | F75: 11298 | G75: 11092 | H75: =CONCATENATE(VLOOKUP($F75,export_items!$B:$V,2,0)," @",VLOOKUP($F75,export_items!$B:$V,21,0)) -> ตับก้อน 10kg/ลัง(85) @850 | I75: =IFNA(CONCATENATE(VLOOKUP($G75,export_items!$B:$V,2,0)," @",VLOOKUP($G75,export_items!$B:$V,21,0)),"") -> ตับก้อนถุง 1kg(90) @90
A76: ตับหมูสไลด์ แพ็ค 1 กก. | B76: 90 | F76: 10293 | H76: =CONCATENATE(VLOOKUP($F76,export_items!$B:$V,2,0)," @",VLOOKUP($F76,export_items!$B:$V,21,0)) -> ตับสไลด์ ถุง 1kg @90 | I76: =IFNA(CONCATENATE(VLOOKUP($G76,export_items!$B:$V,2,0)," @",VLOOKUP($G76,export_items!$B:$V,21,0)),"")
A77: จี้หมู ลัง 10 กก. | B77: 900 | C77: =B77/10 -> 90 | D77: 90 | F77: 10059 | G77: 10017 | H77: =CONCATENATE(VLOOKUP($F77,export_items!$B:$V,2,0)," @",VLOOKUP($F77,export_items!$B:$V,21,0)) -> จี้หมู ถุง 10 กก.(90) @900 | I77: =IFNA(CONCATENATE(VLOOKUP($G77,export_items!$B:$V,2,0)," @",VLOOKUP($G77,export_items!$B:$V,21,0)),"") -> จี้หมู ถุง 1กก. @90
A78: จี้หมูสไลด์ แพ็ค 1 กก. | B78: 95 | F78: 10332 | H78: =CONCATENATE(VLOOKUP($F78,export_items!$B:$V,2,0)," @",VLOOKUP($F78,export_items!$B:$V,21,0)) -> จี้หมูสไลด์แพ็ค 1Kg @95 | I78: =IFNA(CONCATENATE(VLOOKUP($G78,export_items!$B:$V,2,0)," @",VLOOKUP($G78,export_items!$B:$V,21,0)),"")
I79: =IFNA(CONCATENATE(VLOOKUP($G79,export_items!$B:$V,2,0)," @",VLOOKUP($G79,export_items!$B:$V,21,0)),"")
A80: 🍄 หมวดเห็ด สาหร่าย และน้ำจิ้ม | B80: ราคา | C80: ก.ก. ละ | D80: แบ่งขาย | F80: รหัสสินค้า | H80: =CONCATENATE(VLOOKUP($F80,export_items!$B:$V,2,0)," @",VLOOKUP($F80,export_items!$B:$V,21,0)) -> #N/A | I80: =IFNA(CONCATENATE(VLOOKUP($G80,export_items!$B:$V,2,0)," @",VLOOKUP($G80,export_items!$B:$V,21,0)),"")
A81: ยำสาหร่าย (ลัง) | B81: 950 | C81: =B81/10 -> 95 | D81: 105 | F81: 10383 | G81: 11006 | H81: =CONCATENATE(VLOOKUP($F81,export_items!$B:$V,2,0)," @",VLOOKUP($F81,export_items!$B:$V,21,0)) -> ยำสาหร่าย (ลัง) @950 | I81: =IFNA(CONCATENATE(VLOOKUP($G81,export_items!$B:$V,2,0)," @",VLOOKUP($G81,export_items!$B:$V,21,0)),"") -> ยำสาหร่าย แพ็ค 1kg @105
A82: เห็ดแห้ง 500 กรัม * 8 แพ็ค (ลัง) | B82: 1180 | C82: =B82/8 -> 147.5 | D82: 170 | F82: 11493 | G82: 20143 | H82: =CONCATENATE(VLOOKUP($F82,export_items!$B:$V,2,0)," @",VLOOKUP($F82,export_items!$B:$V,21,0)) -> เห็ดแห้ง 500 กรัม * 8 แพ็ค (ลัง) @1180 | I82: =IFNA(CONCATENATE(VLOOKUP($G82,export_items!$B:$V,2,0)," @",VLOOKUP($G82,export_items!$B:$V,21,0)),"") -> เห็ดแห้งตราฟินิกซ์500g (ใหญ่) @170
A83: น้ำจิ้มแชมป์ เล็ก (ลัง) | B83: 840 | C83: =B83/4 -> 210 | D83: 215 | F83: 10364 | G83: 10357 | H83: =CONCATENATE(VLOOKUP($F83,export_items!$B:$V,2,0)," @",VLOOKUP($F83,export_items!$B:$V,21,0)) -> น้ำจิ้มแชมป์ เล็ก (ลัง) @840 | I83: =IFNA(CONCATENATE(VLOOKUP($G83,export_items!$B:$V,2,0)," @",VLOOKUP($G83,export_items!$B:$V,21,0)),"") -> น้ําจิ้มแชมป์ เล็ก 1*12ขวด(แพ็ค) @215
A84: น้ำจิ้มแชมป์ กลาง (ลัง) | B84: 800 | C84: =B84/4 -> 200 | D84: 225 | F84: 10324 | G84: 10199 | H84: =CONCATENATE(VLOOKUP($F84,export_items!$B:$V,2,0)," @",VLOOKUP($F84,export_items!$B:$V,21,0)) -> น้ำจิ้มแชมป์ กลาง (ลัง) @800 | I84: =IFNA(CONCATENATE(VLOOKUP($G84,export_items!$B:$V,2,0)," @",VLOOKUP($G84,export_items!$B:$V,21,0)),"") -> น้ําจิ้มแชมป์ กลาง 1*6ขวด(แพ็ค) @225
A85: น้ำจิ้มแชมป์ ใหญ่ (ลัง) | B85: 780 | C85: =B85/2 -> 390 | D85: 405 | F85: 10367 | G85: 10366 | H85: =CONCATENATE(VLOOKUP($F85,export_items!$B:$V,2,0)," @",VLOOKUP($F85,export_items!$B:$V,21,0)) -> น้ำจิ้มแชมป์ ใหญ่ (ลัง) @780 | I85: =IFNA(CONCATENATE(VLOOKUP($G85,export_items!$B:$V,2,0)," @",VLOOKUP($G85,export_items!$B:$V,21,0)),"") -> น้ำจิ้มแชมป์ ใหญ่ 1*6ขวด(แพ็ค) @405
A86: น้ำจิ้มแม่อมร (ลัง) | B86: 820 | C86: =B86/4 -> 205 | D86: 210 | F86: 10117 | G86: 10050 | H86: =CONCATENATE(VLOOKUP($F86,export_items!$B:$V,2,0)," @",VLOOKUP($F86,export_items!$B:$V,21,0)) -> น้ำจิ้มแม่อมร (ลัง) @820 | I86: =IFNA(CONCATENATE(VLOOKUP($G86,export_items!$B:$V,2,0)," @",VLOOKUP($G86,export_items!$B:$V,21,0)),"") -> น้ําจิ้มแม่อมร1*6 (แพ็ค) @210
I87: =IFNA(CONCATENATE(VLOOKUP($G87,export_items!$B:$V,2,0)," @",VLOOKUP($G87,export_items!$B:$V,21,0)),"")
A88: 🥓 หมวดเบคอน และมันหมู | B88: ราคา | C88: ก.ก. ละ | D88: แบ่งขาย | F88: รหัสสินค้า | H88: =CONCATENATE(VLOOKUP($F88,export_items!$B:$V,2,0)," @",VLOOKUP($F88,export_items!$B:$V,21,0)) -> #N/A | I88: =IFNA(CONCATENATE(VLOOKUP($G88,export_items!$B:$V,2,0)," @",VLOOKUP($G88,export_items!$B:$V,21,0)),"")
A89: เบคอน (ยาว) (ลัง) | B89: 1420 | C89: =B89/10 -> 142 | D89: 145 | F89: 10194 | G89: 10082 | H89: =CONCATENATE(VLOOKUP($F89,export_items!$B:$V,2,0)," @",VLOOKUP($F89,export_items!$B:$V,21,0)) -> เบคอน แพ็ค1กก *ยาว* (ลัง) -142 @1420 | I89: =IFNA(CONCATENATE(VLOOKUP($G89,export_items!$B:$V,2,0)," @",VLOOKUP($G89,export_items!$B:$V,21,0)),"") -> เบคอน แพ็ค1กก (ยาว) @145
A90: T เบคอน 10*500 กรัม (หิ้ว) | B90: 775 | C90: =B90/10 -> 77.5 | D90: 85 | F90: 11395 | G90: 11225 | H90: =CONCATENATE(VLOOKUP($F90,export_items!$B:$V,2,0)," @",VLOOKUP($F90,export_items!$B:$V,21,0)) -> T เบคอน 10*500 กรัม (หิ้ว) @775 | I90: =IFNA(CONCATENATE(VLOOKUP($G90,export_items!$B:$V,2,0)," @",VLOOKUP($G90,export_items!$B:$V,21,0)),"") -> T เบคอน แพ็ค 500 g @85
A91: เบคอนสูตร 2 10*500 กรัม (หิ้ว) | B91: 700 | C91: 70 | F91: 11574 | H91: =CONCATENATE(VLOOKUP($F91,export_items!$B:$V,2,0)," @",VLOOKUP($F91,export_items!$B:$V,21,0)) -> เบคอนสูตร2 500g*10แพ็ค (หิ้ว)-70 @700 | I91: =IFNA(CONCATENATE(VLOOKUP($G91,export_items!$B:$V,2,0)," @",VLOOKUP($G91,export_items!$B:$V,21,0)),"")
A92: มันหั่นเต๋า 1 กก./ถุง | B92: 70 | C92: 70 | F92: 11406 | H92: =CONCATENATE(VLOOKUP($F92,export_items!$B:$V,2,0)," @",VLOOKUP($F92,export_items!$B:$V,21,0)) -> มันหั่นเต๋า 1 กก(70) @70 | I92: =IFNA(CONCATENATE(VLOOKUP($G92,export_items!$B:$V,2,0)," @",VLOOKUP($G92,export_items!$B:$V,21,0)),"")
I93: =IFNA(CONCATENATE(VLOOKUP($G93,export_items!$B:$V,2,0)," @",VLOOKUP($G93,export_items!$B:$V,21,0)),"")
I94: =IFNA(CONCATENATE(VLOOKUP($G94,export_items!$B:$V,2,0)," @",VLOOKUP($G94,export_items!$B:$V,21,0)),"")
I95: =IFNA(CONCATENATE(VLOOKUP($G95,export_items!$B:$V,2,0)," @",VLOOKUP($G95,export_items!$B:$V,21,0)),"")
I96: =IFNA(CONCATENATE(VLOOKUP($G96,export_items!$B:$V,2,0)," @",VLOOKUP($G96,export_items!$B:$V,21,0)),"")
I97: =IFNA(CONCATENATE(VLOOKUP($G97,export_items!$B:$V,2,0)," @",VLOOKUP($G97,export_items!$B:$V,21,0)),"")
A98: 🦑 หมวดอาหารทะเล (หมึก ปู หอย กะพรุน) | B98: ราคา | C98: ก.ก. ละ | F98: รหัสสินค้า | H98: =CONCATENATE(VLOOKUP($F98,export_items!$B:$V,2,0)," @",VLOOKUP($F98,export_items!$B:$V,21,0)) -> #N/A | I98: =IFNA(CONCATENATE(VLOOKUP($G98,export_items!$B:$V,2,0)," @",VLOOKUP($G98,export_items!$B:$V,21,0)),"")
A99: อาเจน SS (ชั่ง) | B99: 187 | F99: 10564 | H99: =CONCATENATE(VLOOKUP($F99,export_items!$B:$V,2,0)," @",VLOOKUP($F99,export_items!$B:$V,21,0)) -> อาเจน 180/200 (ชั่ง) - 187 @187 | I99: =IFNA(CONCATENATE(VLOOKUP($G99,export_items!$B:$V,2,0)," @",VLOOKUP($G99,export_items!$B:$V,21,0)),"")
A100: อาเจน SS ปั่น | B100: 197 | F100: 10387 | H100: =CONCATENATE(VLOOKUP($F100,export_items!$B:$V,2,0)," @",VLOOKUP($F100,export_items!$B:$V,21,0)) -> อาเจน 180/200 (ปั่น) -197 @197 | I100: =IFNA(CONCATENATE(VLOOKUP($G100,export_items!$B:$V,2,0)," @",VLOOKUP($G100,export_items!$B:$V,21,0)),"")
A101: อาเจน S (ชั่ง) | B101: 189 | F101: 10046 | H101: =CONCATENATE(VLOOKUP($F101,export_items!$B:$V,2,0)," @",VLOOKUP($F101,export_items!$B:$V,21,0)) -> อาเจน S (ชั่ง) - 189 @189 | I101: =IFNA(CONCATENATE(VLOOKUP($G101,export_items!$B:$V,2,0)," @",VLOOKUP($G101,export_items!$B:$V,21,0)),"")
A102: อาเจน S ปั่น | B102: 198 | F102: 1046 | H102: =CONCATENATE(VLOOKUP($F102,export_items!$B:$V,2,0)," @",VLOOKUP($F102,export_items!$B:$V,21,0)) -> อาเจน S *ปั่น* - 198 @198 | I102: =IFNA(CONCATENATE(VLOOKUP($G102,export_items!$B:$V,2,0)," @",VLOOKUP($G102,export_items!$B:$V,21,0)),"")
A103: หมึกเมก้า 10 กก (ลัง) | B103: 1300 | C103: =B103/10 -> 130 | F103: 10563 | H103: =CONCATENATE(VLOOKUP($F103,export_items!$B:$V,2,0)," @",VLOOKUP($F103,export_items!$B:$V,21,0)) -> หมึกเมก้า 10 กก (ลัง) - 130 @1300 | I103: =IFNA(CONCATENATE(VLOOKUP($G103,export_items!$B:$V,2,0)," @",VLOOKUP($G103,export_items!$B:$V,21,0)),"")
A104: คอเปรู 100/300 ก้อน 10 กก. | B104: 590 | C104: 59 | F104: 11611 | H104: =CONCATENATE(VLOOKUP($F104,export_items!$B:$V,2,0)," @",VLOOKUP($F104,export_items!$B:$V,21,0)) -> คอเปรู 100/300 10kg/ก้อน(59) @590 | I104: =IFNA(CONCATENATE(VLOOKUP($G104,export_items!$B:$V,2,0)," @",VLOOKUP($G104,export_items!$B:$V,21,0)),"")
A105: คอเปรู 500up ก้อน 7.5 กก. | B105: 443 | C105: =B105/7.5 -> 59.066667 | F105: 10025 | H105: =CONCATENATE(VLOOKUP($F105,export_items!$B:$V,2,0)," @",VLOOKUP($F105,export_items!$B:$V,21,0)) -> คอเปรู 500up ก้อน 7.5 kg (59) @443 | I105: =IFNA(CONCATENATE(VLOOKUP($G105,export_items!$B:$V,2,0)," @",VLOOKUP($G105,export_items!$B:$V,21,0)),"")
A106: หนวดเบบี๋ กระสอบเขียว 10 กก. | B106: 980 | C106: =B106/10 -> 98 | F106: 11148 | H106: =CONCATENATE(VLOOKUP($F106,export_items!$B:$V,2,0)," @",VLOOKUP($F106,export_items!$B:$V,21,0)) -> หัวเบบี๋ (กระสอบเขียว) 10กก-98 @980 | I106: =IFNA(CONCATENATE(VLOOKUP($G106,export_items!$B:$V,2,0)," @",VLOOKUP($G106,export_items!$B:$V,21,0)),"")
A107: ปูม้า 100/150 ผู้ 8 กก. (ลัง) | B107: 1440 | C107: =B107/8 -> 180 | F107: 11523 | H107: =CONCATENATE(VLOOKUP($F107,export_items!$B:$V,2,0)," @",VLOOKUP($F107,export_items!$B:$V,21,0)) -> ปูม้า 100/150 (ผู้)ลัง8Kg-180 @1440 | I107: =IFNA(CONCATENATE(VLOOKUP($G107,export_items!$B:$V,2,0)," @",VLOOKUP($G107,export_items!$B:$V,21,0)),"")
A108: ปูม้า 60/80 เมีย 8 กก. (ลัง) | B108: 1064 | C108: =B108/8 -> 133 | F108: 10881 | H108: =CONCATENATE(VLOOKUP($F108,export_items!$B:$V,2,0)," @",VLOOKUP($F108,export_items!$B:$V,21,0)) -> ปูม้า 60/80 เมีย 8 กก. (ลัง) - 133 @1064 | I108: =IFNA(CONCATENATE(VLOOKUP($G108,export_items!$B:$V,2,0)," @",VLOOKUP($G108,export_items!$B:$V,21,0)),"")
A109: หอยหวาน 50/80 12 กก. (ลัง) | B109: 1380 | C109: =B109/12 -> 115 | F109: 11575 | H109: =CONCATENATE(VLOOKUP($F109,export_items!$B:$V,2,0)," @",VLOOKUP($F109,export_items!$B:$V,21,0)) -> หอยหวาน 50/80 12 กก. (ลัง) - 115 @1380 | I109: =IFNA(CONCATENATE(VLOOKUP($G109,export_items!$B:$V,2,0)," @",VLOOKUP($G109,export_items!$B:$V,21,0)),"")
A110: หอยหวาน 30/50 10 กก. (ลัง) | B110: 1450 | C110: =B110/10 -> 145 | F110: 10078 | H110: =CONCATENATE(VLOOKUP($F110,export_items!$B:$V,2,0)," @",VLOOKUP($F110,export_items!$B:$V,21,0)) -> หอยหวาน 30/50 10 กก. (ลัง) - 145 @1450 | I110: =IFNA(CONCATENATE(VLOOKUP($G110,export_items!$B:$V,2,0)," @",VLOOKUP($G110,export_items!$B:$V,21,0)),"")
A111: หอยหวาน 10/20 10 กก. (ลัง) | B111: 1480 | C111: =B111/10 -> 148 | F111: 10064 | H111: =CONCATENATE(VLOOKUP($F111,export_items!$B:$V,2,0)," @",VLOOKUP($F111,export_items!$B:$V,21,0)) -> หอยหวาน 10/20 10 กก. (ลัง) - 148 @1480 | I111: =IFNA(CONCATENATE(VLOOKUP($G111,export_items!$B:$V,2,0)," @",VLOOKUP($G111,export_items!$B:$V,21,0)),"")
...

Sheet หมูกระทะ
A1: =CONCATENATE( "ข้อมูล ณ วันที่ ", CHAR(10), TEXT(TODAY(), "dd/mm/yyyy"), CHAR(10),"ราคาอาจมีการเปลี่ยนแปลง") -> ข้อมูล ณ วันที่ 30/10/2026 ราคาอาจมีการเปลี่ยนแปลง
A2: {=Pork1} -> 🥩 หมวดเนื้อหมู และเนื้อวัว (สไลด์/หมัก) | B2: ราคา | C2: ก.ก. ละ | E2: {=Pices} -> 🦑 หมวดอาหารทะเล (หมึก ปลา ชิ้น) | F2: ราคา | G2: ก.ก. ละ | H2: แบ่งขาย
A3: สามชั้นหมัก นุ่ม งา A (ทองสุข) 5 กก./ถุง | B3: 590 | C3: 118 | E3: หมึกบั้ง A (ลัง) | F3: 540 | G3: 54 | H3: 68
A4: สามชั้นหมัก นุ่ม งา (4K) 5 กก./ถุง | B4: 765 | C4: 153 | E4: หมึกวง (ลัง) | F4: 590 | G4: 59 | H4: 65
A5: สามชั้นหมัก นุ่ม งา (2K) 5 กก./ถุง | B5: 525 | C5: 105 | E5: หนวดหั่น (ลัง) | F5: 550 | G5: 55 | H5: 63
A6: สามชั้น นุ่ม งา (ถุงใส) งา 5 กก./ถุง | B6: 490 | C6: 98 | E6: หนวดเบบี๋จิ๋ว (ลัง) | F6: 600 | G6: 60 | H6: 70
A7: หมูหมัก นุ่ม งา (ถุงใส) 5 กก./ถุง | B7: 375 | C7: 75 | E7: หมึกวงติดปีก (ลัง) | F7: 570 | G7: 57 | H7: 60
A8: หมูหมัก สมชาย 5 กก./ถุง | B8: 400 | C8: 80 | E8: หมึกบั้งมะเฟือง (ลัง) | F8: 630 | G8: 63 | H8: 70
A9: สามชั้นหมัก พีเมี่ยม (VJ) 5 กก. | B9: 725 | C9: 145 | E9: หมึกดอกไม้ A (ลัง) | F9: 610 | G9: 61 | H9: 69
A10: ลอกหนัง (ถุงใส) 5 กก. (หิ้ว) | B10: 490 | C10: 98 | E10: ปลายหนวด ติดโคน (ลัง) | F10: 770 | G10: 77 | H10: 85
A11: ลอกหนัง TS 5 กก. (หิ้ว) | B11: 475 | C11: 95 | E11: ปลายหนวด เรด้ามิกซ์ (ลัง) | F11: 630 | G11: 63
A12: หมูชาบู (ฟ้า) 5 กก. (หิ้ว) | B12: 475 | C12: 95 | E12: ปลายหนวด A (ลัง) | F12: 830 | G12: 83
A13: หมูกลม TS 5 กก. (หิ้ว) | B13: 475 | C13: 95 | E13: คอเอ็นแก้ว (ลัง) | F13: 390 | G13: 39
A14: สันคอชาบู หมูอร่อย 5 กก./หิ้วเขียว | B14: 550 | C14: 110 | E14: ดอลลี่หั่น (น้ำเงิน) (ลัง) | F14: 470 | G14: 47
A15: ชาบูนมสด หมูอร่อย 5 กก./หิ้วชมพู | B15: 550 | C15: 110 | E15: ดอลลี่หั่น (น้ำตาล) (ลัง) | F15: 680 | G15: 68 | H15: 70
A16: หมูชาบู 3 แถว 5 กก. (หิ้ว) | B16: 475 | C16: 95 | E16: ดอลลี่ตัว (เขียว) (ลัง) | F16: 560 | G16: 56
A17: หมูชาบู (หอม) 5กก (หิ้ว) | B17: 560 | C17: 112 | E17: ดอลลี่ตัว (น้ำตาล) (ลัง) | F17: 650 | G17: 65 | H17: 85
A18: คุโรบุตะ ถุงใส 5 กก. (หิ้ว) | B18: 525 | C18: 105 | E18: ท้องม่อน (ลัง) | F18: 840 | G18: 84 | H18: 90
A19: คุโรบุตะ (สมชาย) 5 กก. (หิ้ว) | B19: 650 | C19: 130
A20: สามชั้นลอก (เรียง) 1 กก. (หิ้ว) | B20: 725 | C20: 145 | E20: {=Fried} -> 🍟 หมวดของทานเล่น และของทอด | F20: ราคา | G20: ก.ก. ละ | H20: แบ่งขาย
A21: ลอก (ไม่เรียง) (ถุง 5 กก.) | B21: 675 | C21: 135 | E21: ขนมจีบไส้ทะลัก 1กก. (หิ้ว) | F21: 1000 | G21: 100 | H21: 105
A22: สามชั้นสไลด์ A (ถุง 5 กก.) | B22: 925 | C22: 185 | E22: ขนมจีบหมู 390 กรัม 10 แพ็ค (ลัง) | F22: 630 | G22: 63 | H22: 65
A23: สันคอ Mfood (เหลือง) 5 กก.(หิ้ว) | B23: 740 | C23: 148 | E23: ฟองเต้าหู้ถาด 32 แพ็ค (ลัง) | F23: 1180 | G23: 36.875 | H23: 48
A24: ชาบูกลม Mfood (เขียว) 5 กก.(หิ้ว) | B24: 595 | C24: 119 | E24: เฟรนช์ฟรายส์ วีนัส 7 มิล (ลัง) | F24: 530 | G24: 53 | H24: 70
A25: สามชั้นเทียม Mfood ด 5 กก.(หิ้ว) | B25: 715 | C25: 143 | E25: เฟรนช์ฟรายส์ ยูเรนัส 10 มิล (ลัง) | F25: 530 | G25: 53 | H25: 70
A26: เนื้อสไลด์ (ถุงแดง) 5 กก.(หิ้ว) | B26: 740 | C26: 148 | E26: เฟรนช์ฟรายส์ หยัก (ลัง) | F26: 530 | G26: 53 | H26: 70
A27: เนื้อวัวนุ่ม (สมชาย) 2 กก./ถุง | B27: 190 | C27: 95 | E27: นักเก็ตไก่ ซันเวลเล่ (ลัง) | F27: 1150 | G27: 115 | H27: 120
A28: หมูเด้งหลอด 5 แพ็ค (หิ้ว) | B28: 400 | C28: 80 | E28: นักเก็ต ถุงชมพู 8 กก. (ลัง) | F28: 800 | G28: 100
A29: หมูนุ่ม เบทาโกร (ลัง) | B29: 980 | C29: 98 | E29: ไก่ป๊อป ซันเวลเล่ (ลัง) | F29: 1120 | G29: 112
A30: หมูนุ่มหมักปรุงรส เบทาโกร (ลัง) | B30: 900 | C30: 90 | E30: ซาลาเปา 20 ลูก ไส้ครีม 14 แพ็ค (ลัง) | F30: 1120 | G30: 80 | H30: 85
E32: {=InPork} -> 🥓 หมวดเครื่องในหมู | F32: ราคา | G32: ก.ก. ละ | H32: แบ่งขาย
A33: {=Nammmm} -> 🥗 หมวดเครื่องใน และของยำ | B33: ราคา | C33: ก.ก. ละ | E33: ตับหมู ลัง 10 กก. | F33: 850 | G33: 85 | H33: 90
A34: ขายำ 5 กก./ถุง | B34: 300 | C34: 60 | E34: ตับหมูสไลด์ แพ็ค 1 กก. | F34: 90
A35: หมึกกรอบหั่น 5 กก./ถุง | B35: 515 | C35: 103 | E35: จี้หมู ลัง 10 กก. | F35: 900 | G35: 90 | H35: 90
A36: หมึกกรอบตัว 5 กก./ถุง | B36: 515 | C36: 103 | E36: จี้หมูสไลด์ แพ็ค 1 กก. | F36: 95
A37: สไบหั่น 5 กก./ถุง | B37: 690 | C37: 138
A38: สไบผืน A 5 กก./ถุง | B38: 775 | C38: 155 | E38: {=Source} -> 🍄 หมวดเห็ด สาหร่าย และน้ำจิ้ม | F38: ราคา | G38: ก.ก. ละ | H38: แบ่งขาย
A39: สไบจุก 5 กก./ถุง | B39: 660 | C39: 132 | E39: ยำสาหร่าย (ลัง) | F39: 950 | G39: 95 | H39: 105
A40: ไส้ตันเล็ก 5 กก./ถุง | B40: 590 | C40: 118 | E40: เห็ดแห้ง 500 กรัม * 8 แพ็ค (ลัง) | F40: 1180 | G40: 147.5 | H40: 170
A41: ไส้ตันกลาง 5 กก./ถุง | B41: 725 | C41: 145 | E41: น้ำจิ้มแชมป์ เล็ก (ลัง) | F41: 840 | G41: 210 | H41: 215
A42: ไข่นกกระทา 500 กรัม 10 ถุง(หิ้ว) | B42: 780 | C42: 78 | E42: น้ำจิ้มแชมป์ กลาง (ลัง) | F42: 800 | G42: 200 | H42: 225
A43: แมงกะพรุนจืด 5 กก.(หิ้ว) | B43: 450 | C43: 90 | E43: น้ำจิ้มแชมป์ ใหญ่ (ลัง) | F43: 780 | G43: 390 | H43: 405
E44: น้ำจิ้มแม่อมร (ลัง) | F44: 820 | G44: 205 | H44: 210
A48: {=Fresh} -> 🦑 หมวดอาหารทะเล (หมึก ปู หอย กะพรุน) | B48: ราคา | C48: ก.ก. ละ | E48: {=Beacon} -> 🥓 หมวดเบคอน และมันหมู | F48: ราคา | G48: ก.ก. ละ | H48: แบ่งขาย
A49: อาเจน SS (ชั่ง) | B49: 187 | E49: เบคอน (ยาว) (ลัง) | F49: 1420 | G49: 142 | H49: 145
A50: อาเจน SS ปั่น | B50: 197 | E50: T เบคอน 10*500 กรัม (หิ้ว) | F50: 775 | G50: 77.5 | H50: 85
A51: อาเจน S (ชั่ง) | B51: 189 | E51: เบคอนสูตร 2 10*500 กรัม (หิ้ว) | F51: 700 | G51: 70
A52: อาเจน S ปั่น | B52: 198 | E52: มันหั่นเต๋า 1 กก./ถุง | F52: 70 | G52: 70
A53: หมึกเมก้า 10 กก (ลัง) | B53: 1300 | C53: 130
A54: คอเปรู 100/300 ก้อน 10 กก. | B54: 590 | C54: 59 | E54: {=ball} -> 🍢 หมวดลูกชิ้น เต้าหู้ ปูอัด และ บุก | F54: ราคา | G54: ก.ก. ละ | H54: แบ่งขาย
A55: คอเปรู 500up ก้อน 7.5 กก. | B55: 443 | C55: 59.066667 | E55: เต้าหู้หมู ถุงม่วง 500 กรัม (หิ้ว) | F55: 460 | G55: 46
A56: หนวดเบบี๋ กระสอบเขียว 10 กก. | B56: 980 | C56: 98 | E56: เต้าหู้ปลา แพนด้าฟ้า 500 กรัม (หิ้ว) | F56: 365 | G56: 36.5
A57: ปูม้า 100/150 ผู้ 8 กก. (ลัง) | B57: 1440 | C57: 180 | E57: เต้าหู้ไข่ 10 หลอด (หิ้ว) | F57: 75 | G57: 7.5
A58: ปูม้า 60/80 เมีย 8 กก. (ลัง) | B58: 1064 | C58: 133 | E58: แฮมหมูเหลี่ยม 1 กก | F58: 90 | G58: 90
A59: หอยหวาน 50/80 12 กก. (ลัง) | B59: 1380 | C59: 115 | E59: กุ้งพันสาหร่าย แครปโตะ 500 กรัม (ลัง) | F59: 590 | G59: 59 | H59: 65
A60: หอยหวาน 30/50 10 กก. (ลัง) | B60: 1450 | C60: 145 | E60: ชีสยืด ถุงม่วง 400 กรัม (ลัง) | F60: 2400 | G60: 120 | H60: 140
A61: หอยหวาน 10/20 10 กก. (ลัง) | B61: 1480 | C61: 148 | E61: ชีสยืด ถุงม่วง 200 กรัม (ลัง) | F61: 1240 | G61: 62 | H61: 70
A62: เนื้อหอยชิลี (ลัง) | B62: 850 | C62: 85 | E62: ปูอัด A 500 กรัม (ลัง) | F62: 880 | G62: 44 | H62: 53
A63: หอยภู่ชิลี L ฝาเดียว (ลัง) | B63: 690 | C63: 69 | E63: ลูกชิ้นแฟนซี 500 กรัม (ลัง) | F63: 1050 | G63: 52.5 | H63: 63
A64: หอยภู่ชิลี L (ลังเหลือง) (ลัง) | B64: 490 | C64: 49 | E64: ปูอัด สมชาย 450 กรัม (ลัง) | F64: 900 | G64: 45 | H64: 50
A65: เนื้อหอยแครง (ลัง) | B65: 1100 | C65: 110 | E65: ปูอัด เบนโตะ 500 กรัม (ลัง) | F65: 1400 | G65: 70 | H65: 75
A66: เนื้อหอยเชลล์ (ลัง) | B66: 920 | C66: 92 | E66: คานิจัง 500 กรัม (ลัง) | F66: 1000 | G66: 50 | H66: 53
A67: หอยเชลล์ฝาเดียว (ลัง) | B67: 980 | C67: 98 | E67: ปูอัดเมก้าแครบ 12 ชิ้น 500 กรัม (ลัง) | F67: 1250 | G67: 62.5 | H67: 65
A68: แมงกะพรุนจืด 5 กก.(หิ้ว) | B68: 450 | C68: 90 | E68: ปูอัดทูโทนไส้ชีส 500 กรัม (ลัง) | F68: 1270 | G68: 63.5 | H68: 65
A69: แมงกะพรุน ผ่า ถัง | B69: 730 | E69: ซูซูฟิชเคก 500 กรัม (ลัง) | F69: 1280 | G69: 64 | H69: 70
A70: แมงกะพรุน A ถัง | B70: 980 | E70: ซาลาเปาครีมชีส 500 กรัม (ลัง) | F70: 1480 | G70: 74 | H70: 80
E71: คอมโบฟิชบัน 500 กรัม (ลัง) | F71: 1550 | G71: 77.5 | H71: 89
A72: 🍜 หมวดเส้น วุ้นเส้น | B72: ราคา | C72: ก.ก. ละ | E72: เปาทูโทนไข่กุ้ง 500 กรัม (ลัง) | F72: 1580 | G72: 79 | H72: 85
A73: วุ้นเส้นหงส์ 25*200 กรัม/หิ้ว | B73: 150 | E73: แองกรี้เบิร์ด 500 กรัม (ลัง) | F73: 1420 | G73: 71 | H73: 77
A74: วุ้นเส้นหงส์ 10*500 กรัม/หิ้ว | B74: 140 | E74: กุ้งแม็กนั่ม 500 กรัม (ลัง) | F74: 1120 | G74: 56 | H74: 60
A75: วุ้นเส้นกิเลน 25*200 กรัม/หิ้ว | B75: 160 | E75: ก้ามมหาชัย 500 กรัม (ลัง) | F75: 1120 | G75: 56 | H75: 60
A76: วุ้นเส้นกิเลน 10*500 กรัม/หิ้ว | B76: 150 | E76: ฟองเต้าหู้ซีฟู้ด pfp 500 กรัม (ลัง) | F76: 1430 | G76: 71.5 | H76: 75
A77: วุ้นเส้นเกาหลี 10*500 กรัม/หิ้ว | B77: 235 | E77: เต้าหู้ชีส pfp 500 กรัม (ลัง) | F77: 1470 | G77: 73.5 | H77: 82
A78: วุ้นเส้น แห้ง ห่อใหญ่ 10กก | B78: 550 | C78: =B78/10 -> 55 | E78: เส้นแก้วคาวา 12 กก. (ลัง) | F78: 684 | G78: 57 | H78: 64
A79: วากาเมะ A 100 กรัม (ยาว) | B79: 120 | E79: เส้นหนึบ 10แพ็ค (หิ้ว) | F79: 230 | G79: 23 | H79: 25
A80: วากาเมะ 100 กรัม (สั้น) | B80: 90 | E80: บุกขาว (ลัง) | F80: 530 | G80: 53 | H80: 60
A81: เห็ดออรินจิ 5 กก. (ลัง) | B81: 400 | C81: =B81/5 -> 80 | E81: บุกไข่ (ลัง) | F81: 670 | G81: 67 | H81: 74
A82: เห็ดเข็มทอง 25*200 กรัม (ลัง) | B82: 285 | C82: =B82/25 -> 11.4 | E82: บุกม้วน (ลัง) | F82: 830 | G82: 83 | H82: 85
A83: เห็ดเข็มทอง 10 กก. (ลัง) | B83: 490 | C83: =B83/10 -> 49 | E83: ตะเกียบ 40 แพ็ค (ลัง) | F83: 500 | G83: 12.5
A85: {=meat} -> 🥩 หมวดเนื้อหมู เนื้อเป็ด | B85: ราคา | C85: ก.ก. ละ | E85: {=Fish} -> 🦑 หมวดอาหารทะเล (หมึก ปลา ชิ้น) | F85: ราคา | G85: ก.ก. ละ
A86: หมูบด ชนัญญา 1 ก.ก. (ลัง) | B86: 740 | C86: 74 | E86: ปลาทู 4/6 (ลัง) | F86: 850 | G86: 85
A87: หมูบด อนามัย 10 ก.ก. (ลัง) | B87: 650 | C87: 65 | E87: ปลาทูตาโต (ลัง) | F87: 690 | G87: 69
A88: หมูบด อนามัย 500 กรัม (ลัง) | B88: 680 | C88: 68 | E88: ซาบะ(ลัง) | F88: 850 | G88: 85
A89: เป็ดบด 1 ก.ก. (หิ้ว) | B89: 475 | C89: 95 | E89: ปูม้า 60/80 ผู้ 8 กก. (ลัง) | F89: 1160 | G89: 145
A90: หนังเป็ด 12*1 ก.ก. (ลัง) | B90: 900 | C90: 75 | E90: ปูม้า 60/80 เมีย 8 กก. (ลัง) | F90: 1064 | G90: 133
A91: หมูป่า แพ็ค 1 ก.ก. | B91: 170 | C91: 170 | E91: ปูตัด (ปูดาว) 12 กล่อง (ลัง) | F91: 1280 | G91: 107
A92: หน้ากากหมู 5 ก.ก. | B92: 375 | C92: 75 | E92: หอยแมลงภู่ต้ม (ใหญ่) 500 กรัม(หิ้ว) | F92: 540 | G92: 54
A93: ยออุบล-ก้าวหน้า 20 แท่ง (หิ้ว) | B93: 730 | C93: 36.5 | E93: หอยดองเล็ก 20ขวด(หิ้ว) | F93: 440 | G93: 22
A94: สามชั้นแผ่น (เบทาโกร) | C94: 179 | E94: หอยดองใหญ่ 12ขวด (หิ้ว) | F94: 420 | G94: 35
A95: ดักแด้ 10 ก.ก. (ลัง) | B95: 750 | C95: 75 | E95: ปลาดุกหั่นชิ้น 1 ก.ก. | G95: 68

Sheet ชาบู
A1: =CONCATENATE( "ข้อมูล ณ วันที่ ", CHAR(10), TEXT(TODAY(), "dd/mm/yyyy"), CHAR(10),"ราคาอาจมีการเปลี่ยนแปลง") -> ข้อมูล ณ วันที่ 30/10/2026 ราคาอาจมีการเปลี่ยนแปลง
A2: {=bar} -> 🥩 หมวด แท่งหมูและเนื้อวัว (ขึ้นรูป) | B2: ราคา | C2: ก.ก. ละ | E2: {=Pices} -> 🦑 หมวดอาหารทะเล (หมึก ปลา ชิ้น) | F2: ราคา | G2: ก.ก. ละ | H2: แบ่งขาย
A3: สามชั้นแท่ง เบทาโกร | B3: 170 | C3: 170 | E3: หมึกบั้ง A (ลัง) | F3: 540 | G3: 54 | H3: 68
A4: สันคอแท่ง เบทาโกร | B4: 160 | C4: 160 | E4: หมึกวง (ลัง) | F4: 590 | G4: 59 | H4: 65
A5: สันนอกแท่ง เบทาโกร | B5: 125 | C5: 125 | E5: หนวดหั่น (ลัง) | F5: 550 | G5: 55 | H5: 63
A6: เนื้อเสือออส | B6: 290 | C6: 290 | E6: หนวดเบบี๋จิ๋ว (ลัง) | F6: 600 | G6: 60 | H6: 70
A7: เนื้อน่องลาย โคขุน | B7: 208 | C7: 208 | E7: หมึกวงติดปีก (ลัง) | F7: 570 | G7: 57 | H7: 60
A8: สันคอ โคขุน | B8: 187 | C8: 187 | E8: หมึกบั้งมะเฟือง (ลัง) | F8: 630 | G8: 63 | H8: 70
A9: ใบพาย (เต็ม) โคขุน | B9: 197 | C9: 197 | E9: หมึกดอกไม้ A (ลัง) | F9: 610 | G9: 61 | H9: 69
A10: ใบพาย (ใบไม้)โคขุน | B10: 225 | C10: 225 | E10: ปลายหนวด ติดโคน (ลัง) | F10: 770 | G10: 77 | H10: 85
A11: เสือ โคขุน | B11: 205 | C11: 205 | E11: ปลายหนวด เรด้ามิกซ์ (ลัง) | F11: 630 | G11: 63
A12: ริบอาย โคขุน | B12: 198 | C12: 198 | E12: ปลายหนวด A (ลัง) | F12: 830 | G12: 83
E13: คอเอ็นแก้ว (ลัง) | F13: 390 | G13: 39
A14: {=Pork1} -> 🥩 หมวดเนื้อหมู และเนื้อวัว (สไลด์/หมัก) | B14: ราคา | C14: ก.ก. ละ | E14: ดอลลี่หั่น (น้ำเงิน) (ลัง) | F14: 470 | G14: 47
A15: สามชั้นหมัก นุ่ม งา A (ทองสุข) 5 กก./ถุง | B15: 590 | C15: 118 | E15: ดอลลี่หั่น (น้ำตาล) (ลัง) | F15: 680 | G15: 68 | H15: 70
A16: สามชั้นหมัก นุ่ม งา (4K) 5 กก./ถุง | B16: 765 | C16: 153 | E16: ดอลลี่ตัว (เขียว) (ลัง) | F16: 560 | G16: 56
A17: สามชั้นหมัก นุ่ม งา (2K) 5 กก./ถุง | B17: 525 | C17: 105 | E17: ดอลลี่ตัว (น้ำตาล) (ลัง) | F17: 650 | G17: 65 | H17: 85
A18: สามชั้น นุ่ม งา (ถุงใส) งา 5 กก./ถุง | B18: 490 | C18: 98 | E18: ท้องม่อน (ลัง) | F18: 840 | G18: 84 | H18: 90
A19: หมูหมัก นุ่ม งา (ถุงใส) 5 กก./ถุง | B19: 375 | C19: 75 | E19: {=Fried} -> 🍟 หมวดของทานเล่น และของทอด | F19: ราคา | G19: ก.ก. ละ | H19: แบ่งขาย
A20: หมูหมัก สมชาย 5 กก./ถุง | B20: 400 | C20: 80 | E20: ขนมจีบไส้ทะลัก 1กก. (หิ้ว) | F20: 1000 | G20: 100 | H20: 105
A21: สามชั้นหมัก พีเมี่ยม (VJ) 5 กก. | B21: 725 | C21: 145 | E21: ขนมจีบหมู 390 กรัม 10 แพ็ค (ลัง) | F21: 630 | G21: 63 | H21: 65
A22: ลอกหนัง (ถุงใส) 5 กก. (หิ้ว) | B22: 490 | C22: 98 | E22: ฟองเต้าหู้ถาด 32 แพ็ค (ลัง) | F22: 1180 | G22: 36.875 | H22: 48
A23: ลอกหนัง TS 5 กก. (หิ้ว) | B23: 475 | C23: 95 | E23: เฟรนช์ฟรายส์ วีนัส 7 มิล (ลัง) | F23: 530 | G23: 53 | H23: 70
A24: หมูชาบู (ฟ้า) 5 กก. (หิ้ว) | B24: 475 | C24: 95 | E24: เฟรนช์ฟรายส์ ยูเรนัส 10 มิล (ลัง) | F24: 530 | G24: 53 | H24: 70
A25: หมูกลม TS 5 กก. (หิ้ว) | B25: 475 | C25: 95 | E25: เฟรนช์ฟรายส์ หยัก (ลัง) | F25: 530 | G25: 53 | H25: 70
A26: สันคอชาบู หมูอร่อย 5 กก./หิ้วเขียว | B26: 550 | C26: 110 | E26: นักเก็ตไก่ ซันเวลเล่ (ลัง) | F26: 1150 | G26: 115 | H26: 120
A27: ชาบูนมสด หมูอร่อย 5 กก./หิ้วชมพู | B27: 550 | C27: 110 | E27: นักเก็ต ถุงชมพู 8 กก. (ลัง) | F27: 800 | G27: 100
A28: หมูชาบู 3 แถว 5 กก. (หิ้ว) | B28: 475 | C28: 95 | E28: ไก่ป๊อป ซันเวลเล่ (ลัง) | F28: 1120 | G28: 112
A29: หมูชาบู (หอม) 5กก (หิ้ว) | B29: 560 | C29: 112 | E29: ซาลาเปา 20 ลูก ไส้ครีม 14 แพ็ค (ลัง) | F29: 1120 | G29: 80 | H29: 85
A30: คุโรบุตะ ถุงใส 5 กก. (หิ้ว) | B30: 525 | C30: 105
A31: คุโรบุตะ (สมชาย) 5 กก. (หิ้ว) | B31: 650 | C31: 130 | E31: {=InPork} -> 🥓 หมวดเครื่องในหมู | F31: ราคา | G31: ก.ก. ละ | H31: แบ่งขาย
A32: สามชั้นลอก (เรียง) 1 กก. (หิ้ว) | B32: 725 | C32: 145 | E32: ตับหมู ลัง 10 กก. | F32: 850 | G32: 85 | H32: 90
A33: ลอก (ไม่เรียง) (ถุง 5 กก.) | B33: 675 | C33: 135 | E33: ตับหมูสไลด์ แพ็ค 1 กก. | F33: 90
A34: สามชั้นสไลด์ A (ถุง 5 กก.) | B34: 925 | C34: 185 | E34: จี้หมู ลัง 10 กก. | F34: 900 | G34: 90 | H34: 90
A35: สันคอ Mfood (เหลือง) 5 กก.(หิ้ว) | B35: 740 | C35: 148 | E35: จี้หมูสไลด์ แพ็ค 1 กก. | F35: 95
A36: ชาบูกลม Mfood (เขียว) 5 กก.(หิ้ว) | B36: 595 | C36: 119
A37: สามชั้นเทียม Mfood ด 5 กก.(หิ้ว) | B37: 715 | C37: 143 | E37: {=Source} -> 🍄 หมวดเห็ด สาหร่าย และน้ำจิ้ม | F37: ราคา | G37: ก.ก. ละ | H37: แบ่งขาย
A38: เนื้อสไลด์ (ถุงแดง) 5 กก.(หิ้ว) | B38: 740 | C38: 148 | E38: ยำสาหร่าย (ลัง) | F38: 950 | G38: 95 | H38: 105
A39: เนื้อวัวนุ่ม (สมชาย) 2 กก./ถุง | B39: 190 | C39: 95 | E39: เห็ดแห้ง 500 กรัม * 8 แพ็ค (ลัง) | F39: 1180 | G39: 147.5 | H39: 170
A40: หมูเด้งหลอด 5 แพ็ค (หิ้ว) | B40: 400 | C40: 80 | E40: น้ำจิ้มแชมป์ เล็ก (ลัง) | F40: 840 | G40: 210 | H40: 215
A41: หมูนุ่ม เบทาโกร (ลัง) | B41: 980 | C41: 98 | E41: น้ำจิ้มแชมป์ กลาง (ลัง) | F41: 800 | G41: 200 | H41: 225
A42: หมูนุ่มหมักปรุงรส เบทาโกร (ลัง) | B42: 900 | C42: 90 | E42: น้ำจิ้มแชมป์ ใหญ่ (ลัง) | F42: 780 | G42: 390 | H42: 405
E43: น้ำจิ้มแม่อมร (ลัง) | F43: 820 | G43: 205 | H43: 210
A45: {=Nammmm} -> 🥗 หมวดเครื่องใน และของยำ | B45: ราคา | C45: ก.ก. ละ | E45: {=ball} -> 🍢 หมวดลูกชิ้น เต้าหู้ ปูอัด และ บุก | F45: ราคา | G45: ก.ก. ละ | H45: แบ่งขาย
A46: ขายำ 5 กก./ถุง | B46: 300 | C46: 60 | E46: เต้าหู้หมู ถุงม่วง 500 กรัม (หิ้ว) | F46: 460 | G46: 46
A47: หมึกกรอบหั่น 5 กก./ถุง | B47: 515 | C47: 103 | E47: เต้าหู้ปลา แพนด้าฟ้า 500 กรัม (หิ้ว) | F47: 365 | G47: 36.5
A48: หมึกกรอบตัว 5 กก./ถุง | B48: 515 | C48: 103 | E48: เต้าหู้ไข่ 10 หลอด (หิ้ว) | F48: 75 | G48: 7.5
A49: สไบหั่น 5 กก./ถุง | B49: 690 | C49: 138 | E49: แฮมหมูเหลี่ยม 1 กก | F49: 90 | G49: 90
A50: สไบผืน A 5 กก./ถุง | B50: 775 | C50: 155 | E50: กุ้งพันสาหร่าย แครปโตะ 500 กรัม (ลัง) | F50: 590 | G50: 59 | H50: 65
A51: สไบจุก 5 กก./ถุง | B51: 660 | C51: 132 | E51: ชีสยืด ถุงม่วง 400 กรัม (ลัง) | F51: 2400 | G51: 120 | H51: 140
A52: ไส้ตันเล็ก 5 กก./ถุง | B52: 590 | C52: 118 | E52: ชีสยืด ถุงม่วง 200 กรัม (ลัง) | F52: 1240 | G52: 62 | H52: 70
A53: ไส้ตันกลาง 5 กก./ถุง | B53: 725 | C53: 145 | E53: ปูอัด A 500 กรัม (ลัง) | F53: 880 | G53: 44 | H53: 53
A54: ไข่นกกระทา 500 กรัม 10 ถุง(หิ้ว) | B54: 780 | C54: 78 | E54: ลูกชิ้นแฟนซี 500 กรัม (ลัง) | F54: 1050 | G54: 52.5 | H54: 63
A55: แมงกะพรุนจืด 5 กก.(หิ้ว) | B55: 450 | C55: 90 | E55: ปูอัด สมชาย 450 กรัม (ลัง) | F55: 900 | G55: 45 | H55: 50
A56: {=Fresh} -> 🦑 หมวดอาหารทะเล (หมึก ปู หอย กะพรุน) | B56: ราคา | C56: ก.ก. ละ | E56: ปูอัด เบนโตะ 500 กรัม (ลัง) | F56: 1400 | G56: 70 | H56: 75
A57: อาเจน SS (ชั่ง) | B57: 187 | E57: คานิจัง 500 กรัม (ลัง) | F57: 1000 | G57: 50 | H57: 53
A58: อาเจน SS ปั่น | B58: 197 | E58: ปูอัดเมก้าแครบ 12 ชิ้น 500 กรัม (ลัง) | F58: 1250 | G58: 62.5 | H58: 65
A59: อาเจน S (ชั่ง) | B59: 189 | E59: ปูอัดทูโทนไส้ชีส 500 กรัม (ลัง) | F59: 1270 | G59: 63.5 | H59: 65
A60: อาเจน S ปั่น | B60: 198 | E60: ซูซูฟิชเคก 500 กรัม (ลัง) | F60: 1280 | G60: 64 | H60: 70
A61: หมึกเมก้า 10 กก (ลัง) | B61: 1300 | C61: 130 | E61: ซาลาเปาครีมชีส 500 กรัม (ลัง) | F61: 1480 | G61: 74 | H61: 80
A62: คอเปรู 100/300 ก้อน 10 กก. | B62: 590 | C62: 59 | E62: คอมโบฟิชบัน 500 กรัม (ลัง) | F62: 1550 | G62: 77.5 | H62: 89
A63: คอเปรู 500up ก้อน 7.5 กก. | B63: 443 | C63: 59.066667 | E63: เปาทูโทนไข่กุ้ง 500 กรัม (ลัง) | F63: 1580 | G63: 79 | H63: 85
A64: หนวดเบบี๋ กระสอบเขียว 10 กก. | B64: 980 | C64: 98 | E64: แองกรี้เบิร์ด 500 กรัม (ลัง) | F64: 1420 | G64: 71 | H64: 77
A65: ปูม้า 100/150 ผู้ 8 กก. (ลัง) | B65: 1440 | C65: 180 | E65: กุ้งแม็กนั่ม 500 กรัม (ลัง) | F65: 1120 | G65: 56 | H65: 60
A66: ปูม้า 60/80 เมีย 8 กก. (ลัง) | B66: 1064 | C66: 133 | E66: ก้ามมหาชัย 500 กรัม (ลัง) | F66: 1120 | G66: 56 | H66: 60
A67: หอยหวาน 50/80 12 กก. (ลัง) | B67: 1380 | C67: 115 | E67: ฟองเต้าหู้ซีฟู้ด pfp 500 กรัม (ลัง) | F67: 1430 | G67: 71.5 | H67: 75
A68: หอยหวาน 30/50 10 กก. (ลัง) | B68: 1450 | C68: 145 | E68: เต้าหู้ชีส pfp 500 กรัม (ลัง) | F68: 1470 | G68: 73.5 | H68: 82
A69: หอยหวาน 10/20 10 กก. (ลัง) | B69: 1480 | C69: 148 | E69: เส้นแก้วคาวา 12 กก. (ลัง) | F69: 684 | G69: 57 | H69: 64
A70: เนื้อหอยชิลี (ลัง) | B70: 850 | C70: 85 | E70: เส้นหนึบ 10แพ็ค (หิ้ว) | F70: 230 | G70: 23 | H70: 25
A71: หอยภู่ชิลี L ฝาเดียว (ลัง) | B71: 690 | C71: 69 | E71: บุกขาว (ลัง) | F71: 530 | G71: 53 | H71: 60
A72: หอยภู่ชิลี L (ลังเหลือง) (ลัง) | B72: 490 | C72: 49 | E72: บุกไข่ (ลัง) | F72: 670 | G72: 67 | H72: 74
A73: เนื้อหอยแครง (ลัง) | B73: 1100 | C73: 110 | E73: บุกม้วน (ลัง) | F73: 830 | G73: 83 | H73: 85
A74: เนื้อหอยเชลล์ (ลัง) | B74: 920 | C74: 92 | E74: ตะเกียบ 40 แพ็ค (ลัง) | F74: 500 | G74: 12.5
A75: หอยเชลล์ฝาเดียว (ลัง) | B75: 980 | C75: 98
A76: แมงกะพรุนจืด 5 กก.(หิ้ว) | B76: 450 | C76: 90 | E76: {=Beacon} -> 🥓 หมวดเบคอน และมันหมู | F76: ราคา | G76: ก.ก. ละ | H76: แบ่งขาย
A77: แมงกะพรุน ผ่า ถัง | B77: 730 | E77: เบคอน (ยาว) (ลัง) | F77: 1420 | G77: 142 | H77: 145
A78: แมงกะพรุน A ถัง | B78: 980 | E78: T เบคอน 10*500 กรัม (หิ้ว) | F78: 775 | G78: 77.5 | H78: 85
E79: เบคอนสูตร 2 10*500 กรัม (หิ้ว) | F79: 700 | G79: 70
A80: {=Noodle} -> 🍜 หมวดเส้น วุ้นเส้น | B80: ราคา | C80: ก.ก. ละ | E80: มันหั่นเต๋า 1 กก./ถุง | F80: 70 | G80: 70
A81: วุ้นเส้นหงส์ 25*200 กรัม/หิ้ว | B81: 150 | E81: {=meat} -> 🥩 หมวดเนื้อหมู เนื้อเป็ด | F81: ราคา | G81: ก.ก. ละ
A82: วุ้นเส้นหงส์ 10*500 กรัม/หิ้ว | B82: 140 | E82: หมูบด ชนัญญา 1 ก.ก. (ลัง) | F82: 740 | G82: 74
A83: วุ้นเส้นกิเลน 25*200 กรัม/หิ้ว | B83: 160 | E83: หมูบด อนามัย 10 ก.ก. (ลัง) | F83: 650 | G83: 65
A84: วุ้นเส้นกิเลน 10*500 กรัม/หิ้ว | B84: 150 | E84: หมูบด อนามัย 500 กรัม (ลัง) | F84: 680 | G84: 68
A85: วุ้นเส้นเกาหลี 10*500 กรัม/หิ้ว | B85: 235 | E85: เป็ดบด 1 ก.ก. (หิ้ว) | F85: 475 | G85: 95
A86: วุ้นเส้น แห้ง ห่อใหญ่ 10กก | B86: 550 | C86: 55 | E86: หนังเป็ด 12*1 ก.ก. (ลัง) | F86: 900 | G86: 75
A87: วากาเมะ A 100 กรัม (ยาว) | B87: 120 | E87: หมูป่า แพ็ค 1 ก.ก. | F87: 170 | G87: 170
A88: วากาเมะ 100 กรัม (สั้น) | B88: 90 | E88: หน้ากากหมู 5 ก.ก. | F88: 375 | G88: 75
A89: เห็ดออรินจิ 5 กก. (ลัง) | B89: 400 | C89: 80 | E89: ยออุบล-ก้าวหน้า 20 แท่ง (หิ้ว) | F89: 730 | G89: 36.5
A90: เห็ดเข็มทอง 25*200 กรัม (ลัง) | B90: 285 | C90: 11.4 | E90: สามชั้นแผ่น (เบทาโกร) | G90: 179
A91: เห็ดเข็มทอง 10 กก. (ลัง) | B91: 490 | C91: 49 | E91: ดักแด้ 10 ก.ก. (ลัง) | F91: 750 | G91: 75

Sheet ร้านชำ
A1: =CONCATENATE( "ข้อมูล ณ วันที่ ", CHAR(10), TEXT(TODAY(), "dd/mm/yyyy"), CHAR(10),"ราคาอาจมีการเปลี่ยนแปลง") -> ข้อมูล ณ วันที่ 30/10/2026 ราคาอาจมีการเปลี่ยนแปลง
A2: {=meat} -> 🥩 หมวดเนื้อหมู เนื้อเป็ด | B2: ราคา | C2: ก.ก. ละ | E2: {=Fish} -> 🦑 หมวดอาหารทะเล (หมึก ปลา ชิ้น) | F2: ราคา | G2: ก.ก. ละ
A3: หมูบด ชนัญญา 1 ก.ก. (ลัง) | B3: 740 | C3: 74 | E3: ปลาทู 4/6 (ลัง) | F3: 850 | G3: 85
A4: หมูบด อนามัย 10 ก.ก. (ลัง) | B4: 650 | C4: 65 | E4: ปลาทูตาโต (ลัง) | F4: 690 | G4: 69
A5: หมูบด อนามัย 500 กรัม (ลัง) | B5: 680 | C5: 68 | E5: ซาบะ(ลัง) | F5: 850 | G5: 85
A6: เป็ดบด 1 ก.ก. (หิ้ว) | B6: 475 | C6: 95 | E6: ปูม้า 60/80 ผู้ 8 กก. (ลัง) | F6: 1160 | G6: 145
A7: หนังเป็ด 12*1 ก.ก. (ลัง) | B7: 900 | C7: 75 | E7: ปูม้า 60/80 เมีย 8 กก. (ลัง) | F7: 1064 | G7: 133
A8: หมูป่า แพ็ค 1 ก.ก. | B8: 170 | C8: 170 | E8: ปูตัด (ปูดาว) 12 กล่อง (ลัง) | F8: 1280 | G8: 107
A9: หน้ากากหมู 5 ก.ก. | B9: 375 | C9: 75 | E9: หอยแมลงภู่ต้ม (ใหญ่) 500 กรัม(หิ้ว) | F9: 540 | G9: 54
A10: ยออุบล-ก้าวหน้า 20 แท่ง (หิ้ว) | B10: 730 | C10: 36.5 | E10: หอยดองเล็ก 20ขวด(หิ้ว) | F10: 440 | G10: 22
A11: สามชั้นแผ่น (เบทาโกร) | C11: 179 | E11: หอยดองใหญ่ 12ขวด (หิ้ว) | F11: 420 | G11: 35
A12: ดักแด้ 10 ก.ก. (ลัง) | B12: 750 | C12: 75 | E12: ปลาดุกหั่นชิ้น 1 ก.ก. | G12: 68
A13: {=Pork1} -> 🥩 หมวดเนื้อหมู และเนื้อวัว (สไลด์/หมัก) | B13: ราคา | C13: ก.ก. ละ
A14: สามชั้นหมัก นุ่ม งา A (ทองสุข) 5 กก./ถุง | B14: 590 | C14: 118 | E14: {=Fresh} -> 🦑 หมวดอาหารทะเล (หมึก ปู หอย กะพรุน) | F14: ราคา | G14: ก.ก. ละ
A15: สามชั้นหมัก นุ่ม งา (4K) 5 กก./ถุง | B15: 765 | C15: 153 | E15: อาเจน SS (ชั่ง) | F15: 187
A16: สามชั้นหมัก นุ่ม งา (2K) 5 กก./ถุง | B16: 525 | C16: 105 | E16: อาเจน SS ปั่น | F16: 197
A17: สามชั้น นุ่ม งา (ถุงใส) งา 5 กก./ถุง | B17: 490 | C17: 98 | E17: อาเจน S (ชั่ง) | F17: 189
A18: หมูหมัก นุ่ม งา (ถุงใส) 5 กก./ถุง | B18: 375 | C18: 75 | E18: อาเจน S ปั่น | F18: 198
A19: หมูหมัก สมชาย 5 กก./ถุง | B19: 400 | C19: 80 | E19: หมึกเมก้า 10 กก (ลัง) | F19: 1300 | G19: 130
A20: สามชั้นหมัก พีเมี่ยม (VJ) 5 กก. | B20: 725 | C20: 145 | E20: คอเปรู 100/300 ก้อน 10 กก. | F20: 590 | G20: 59
A21: ลอกหนัง (ถุงใส) 5 กก. (หิ้ว) | B21: 490 | C21: 98 | E21: คอเปรู 500up ก้อน 7.5 กก. | F21: 443 | G21: 59.066667
A22: ลอกหนัง TS 5 กก. (หิ้ว) | B22: 475 | C22: 95 | E22: หนวดเบบี๋ กระสอบเขียว 10 กก. | F22: 980 | G22: 98
A23: หมูชาบู (ฟ้า) 5 กก. (หิ้ว) | B23: 475 | C23: 95 | E23: ปูม้า 100/150 ผู้ 8 กก. (ลัง) | F23: 1440 | G23: 180
A24: หมูกลม TS 5 กก. (หิ้ว) | B24: 475 | C24: 95 | E24: ปูม้า 60/80 เมีย 8 กก. (ลัง) | F24: 1064 | G24: 133
A25: สันคอชาบู หมูอร่อย 5 กก./หิ้วเขียว | B25: 550 | C25: 110 | E25: หอยหวาน 50/80 12 กก. (ลัง) | F25: 1380 | G25: 115
A26: ชาบูนมสด หมูอร่อย 5 กก./หิ้วชมพู | B26: 550 | C26: 110 | E26: หอยหวาน 30/50 10 กก. (ลัง) | F26: 1450 | G26: 145
A27: หมูชาบู 3 แถว 5 กก. (หิ้ว) | B27: 475 | C27: 95 | E27: หอยหวาน 10/20 10 กก. (ลัง) | F27: 1480 | G27: 148
A28: หมูชาบู (หอม) 5กก (หิ้ว) | B28: 560 | C28: 112 | E28: เนื้อหอยชิลี (ลัง) | F28: 850 | G28: 85
A29: คุโรบุตะ ถุงใส 5 กก. (หิ้ว) | B29: 525 | C29: 105 | E29: หอยภู่ชิลี L ฝาเดียว (ลัง) | F29: 690 | G29: 69
A30: คุโรบุตะ (สมชาย) 5 กก. (หิ้ว) | B30: 650 | C30: 130 | E30: หอยภู่ชิลี L (ลังเหลือง) (ลัง) | F30: 490 | G30: 49
... A34: สันคอ Mfood (เหลือง) 5 กก.(หิ้ว) | B34: 740 | C34: 148 | E34: แมงกะพรุนจืด 5 กก.(หิ้ว) | F34: 450 | G34: 90
A35: ชาบูกลม Mfood (เขียว) 5 กก.(หิ้ว) | B35: 595 | C35: 119 | E35: แมงกะพรุน ผ่า ถัง | F35: 730
A36: สามชั้นเทียม Mfood ด 5 กก.(หิ้ว) | B36: 715 | C36: 143 | E36: แมงกะพรุน A ถัง | F36: 980
A37: เนื้อสไลด์ (ถุงแดง) 5 กก.(หิ้ว) | B37: 740 | C37: 148
A38: เนื้อวัวนุ่ม (สมชาย) 2 กก./ถุง | B38: 190 | C38: 95
A39: หมูเด้งหลอด 5 แพ็ค (หิ้ว) | B39: 400 | C39: 80
A40: หมูนุ่ม เบทาโกร (ลัง) | B40: 980 | C40: 98
A41: หมูนุ่มหมักปรุงรส เบทาโกร (ลัง) | B41: 900 | C41: 90
A45: {=Noodle} -> 🍜 หมวดเส้น วุ้นเส้น | B45: ราคา | C45: ก.ก. ละ | E45: {=InPork} -> 🥓 หมวดเครื่องในหมู | F45: ราคา | G45: ก.ก. ละ | H45: แบ่งขาย
A46: วุ้นเส้นหงส์ 25*200 กรัม/หิ้ว | B46: 150 | E46: ตับหมู ลัง 10 กก. | F46: 850 | G46: 85 | H46: 90
A47: วุ้นเส้นหงส์ 10*500 กรัม/หิ้ว | B47: 140 | E47: ตับหมูสไลด์ แพ็ค 1 กก. | F47: 90
A48: วุ้นเส้นกิเลน 25*200 กรัม/หิ้ว | B48: 160 | E48: จี้หมู ลัง 10 กก. | F48: 900 | G48: 90 | H48: 90
A49: วุ้นเส้นกิเลน 10*500 กรัม/หิ้ว | B49: 150 | E49: จี้หมูสไลด์ แพ็ค 1 กก. | F49: 95
A50: วุ้นเส้นเกาหลี 10*500 กรัม/หิ้ว | B50: 235
A51: วุ้นเส้น แห้ง ห่อใหญ่ 10กก | B51: 550 | C51: 55 | E51: {=Fried} -> 🍟 หมวดของทานเล่น และของทอด | F51: ราคา | G51: ก.ก. ละ | H51: แบ่งขาย
A52: วากาเมะ A 100 กรัม (ยาว) | B52: 120 | E52: ขนมจีบไส้ทะลัก 1กก. (หิ้ว) | F52: 1000 | G52: 100 | H52: 105
A53: วากาเมะ 100 กรัม (สั้น) | B53: 90 | E53: ขนมจีบหมู 390 กรัม 10 แพ็ค (ลัง) | F53: 630 | G53: 63 | H53: 65
A54: เห็ดออรินจิ 5 กก. (ลัง) | B54: 400 | C54: 80 | E54: ฟองเต้าหู้ถาด 32 แพ็ค (ลัง) | F54: 1180 | G54: 36.875 | H54: 48
A55: เห็ดเข็มทอง 25*200 กรัม (ลัง) | B55: 285 | C55: 11.4 | E55: เฟรนช์ฟรายส์ วีนัส 7 มิล (ลัง) | F55: 530 | G55: 53 | H55: 70
A56: เห็ดเข็มทอง 10 กก. (ลัง) | B56: 490 | C56: 49 | E56: เฟรนช์ฟรายส์ ยูเรนัส 10 มิล (ลัง) | F56: 530 | G56: 53 | H56: 70
E57: เฟรนช์ฟรายส์ หยัก (ลัง) | F57: 530 | G57: 53 | H57: 70
A58: {=Nammmm} -> 🥗 หมวดเครื่องใน และของยำ | B58: ราคา | C58: ก.ก. ละ | E58: นักเก็ตไก่ ซันเวลเล่ (ลัง) | F58: 1150 | G58: 115 | H58: 120
A59: ขายำ 5 กก./ถุง | B59: 300 | C59: 60 | E59: นักเก็ต ถุงชมพู 8 กก. (ลัง) | F59: 800 | G59: 100
A60: หมึกกรอบหั่น 5 กก./ถุง | B60: 515 | C60: 103 | E60: ไก่ป๊อป ซันเวลเล่ (ลัง) | F60: 1120 | G60: 112
A61: หมึกกรอบตัว 5 กก./ถุง | B61: 515 | C61: 103 | E61: ซาลาเปา 20 ลูก ไส้ครีม 14 แพ็ค (ลัง) | F61: 1120 | G61: 80 | H61: 85
A62: สไบหั่น 5 กก./ถุง | B62: 690 | C62: 138
A63: สไบผืน A 5 กก./ถุง | B63: 775 | C63: 155 | E63: {=Source} -> 🍄 หมวดเห็ด สาหร่าย และน้ำจิ้ม | F63: ราคา | G63: ก.ก. ละ | H63: แบ่งขาย
A64: สไบจุก 5 กก./ถุง | B64: 660 | C64: 132 | E64: ยำสาหร่าย (ลัง) | F64: 950 | G64: 95 | H64: 105
A65: ไส้ตันเล็ก 5 กก./ถุง | B65: 590 | C65: 118 | E65: เห็ดแห้ง 500 กรัม * 8 แพ็ค (ลัง) | F65: 1180 | G65: 147.5 | H65: 170
A66: ไส้ตันกลาง 5 กก./ถุง | B66: 725 | C66: 145 | E66: น้ำจิ้มแชมป์ เล็ก (ลัง) | F66: 840 | G66: 210 | H66: 215
A67: ไข่นกกระทา 500 กรัม 10 ถุง(หิ้ว) | B67: 780 | C67: 78 | E67: น้ำจิ้มแชมป์ กลาง (ลัง) | F67: 800 | G67: 200 | H67: 225
A68: แมงกะพรุนจืด 5 กก.(หิ้ว) | B68: 450 | C68: 90 | E68: น้ำจิ้มแชมป์ ใหญ่ (ลัง) | F68: 780 | G68: 390 | H68: 405
E69: น้ำจิ้มแม่อมร (ลัง) | F69: 820 | G69: 205 | H69: 210

Sheet หมึกย่าง
A1: =CONCATENATE( "ข้อมูล ณ วันที่ ", CHAR(10), TEXT(TODAY(), "dd/mm/yyyy"), CHAR(10),"ราคาอาจมีการเปลี่ยนแปลง") -> ข้อมูล ณ วันที่ 30/10/2026 ราคาอาจมีการเปลี่ยนแปลง
A2: {=Salad} -> 🥗 หมวด ร้านยำ | B2: ราคา | C2: ก.ก. ละ | E2: {=Grill} -> 🦑 หมวดหมึกย่าง | F2: ราคา | G2: ก.ก. ละ
A3: ปูม้า 60/80 เมีย 8 กก. (ลัง) | B3: 1064 | C3: 133 | E3: อาเจน S (ชั่ง) | F3: 189
A4: หมึกบั้ง A (ลัง) | B4: 540 | C4: 54 | E4: อาเจน SS (ชั่ง) | F4: 187
A5: หมึกวง (ลัง) | B5: 590 | C5: 59 | E5: คอเปรู 100/300 ก้อน 10 กก. | F5: 590 | G5: 59
A6: เนื้อหอยชิลี (ลัง) | B6: 850 | C6: 85 | E6: คอเปรู 500up ก้อน 7.5 กก. | F6: 443 | G6: 59
A7: เนื้อหอยแครง (ลัง) | B7: 1100 | C7: 110 | E7: หนวดเบบี๋ กระสอบเขียว 10 กก. | F7: 980
A8: แมงกะพรุนจืด 5 กก.(หิ้ว) | B8: 450 | C8: 90 | E8: หมึกเมก้า 10 กก (ลัง) | F8: 1300 | G8: 130
A9: ยำสาหร่าย (ลัง) | B9: 950 | C9: 95 | E9: ไข่แท่ง 1 กก. | F9: 100
A10: เห็ดแห้ง 500 กรัม * 8 แพ็ค (ลัง) | B10: 1180 | C10: 147.5 | E10: ไข่อาเจน A 10 กก. (ลัง) | F10: 2750
A11: สาหร่ายแผ่นกลม 20แพ็ค (หิ้ว) | B11: 220 | C11: 11 | E11: ไข่อาเจน A 1กก. | F11: 280
E12: ปลาไข่ 1กก. | F12: 110
A13: {=Nammmm} -> 🥗 หมวดเครื่องใน และของยำ | B13: ราคา | C13: ก.ก. ละ | E13: ไม้เสียบ (ลัง) | F13: 220
A14: ขายำ 5 กก./ถุง | B14: 300 | C14: 60 | E14: เกลือ กระสอบ | F14: 130
A15: หมึกกรอบหั่น 5 กก./ถุง | B15: 515 | C15: 103
A16: หมึกกรอบตัว 5 กก./ถุง | B16: 515 | C16: 103
A17: สไบหั่น 5 กก./ถุง | B17: 690 | C17: 138
A18: สไบผืน A 5 กก./ถุง | B18: 775 | C18: 155
A19: สไบจุก 5 กก./ถุง | B19: 660 | C19: 132
A20: ไส้ตันเล็ก 5 กก./ถุง | B20: 590 | C20: 118
A21: ไส้ตันกลาง 5 กก./ถุง | B21: 725 | C21: 145
A22: ไข่นกกระทา 500 กรัม 10 ถุง(หิ้ว) | B22: 780 | C22: 78
A23: แมงกะพรุนจืด 5 กก.(หิ้ว) | B23: 450 | C23: 90
A25: {=Noodle} -> 🍜 หมวดเส้น วุ้นเส้น | B25: ราคา | C25: ก.ก. ละ
A26: วุ้นเส้นหงส์ 25*200 กรัม/หิ้ว | B26: 150
A27: วุ้นเส้นหงส์ 10*500 กรัม/หิ้ว | B27: 140
A28: วุ้นเส้นกิเลน 25*200 กรัม/หิ้ว | B28: 160
A29: วุ้นเส้นกิเลน 10*500 กรัม/หิ้ว | B29: 150
A30: วุ้นเส้นเกาหลี 10*500 กรัม/หิ้ว | B30: 235
A31: วุ้นเส้น แห้ง ห่อใหญ่ 10กก | B31: 550 | C31: 55
A32: วากาเมะ A 100 กรัม (ยาว) | B32: 120
A33: วากาเมะ 100 กรัม (สั้น) | B33: 90
A34: เห็ดออรินจิ 5 กก. (ลัง) | B34: 400 | C34: 80
A35: เห็ดเข็มทอง 25*200 กรัม (ลัง) | B35: 285 | C35: 11.4
A36: เห็ดเข็มทอง 10 กก. (ลัง) | B36: 490 | C36: 49

Sheet สถานะส่งออก JPG
A1: Job ID | B1: เวลาสร้าง | C1: อัปเดตล่าสุด | D1: สถานะ | E1: รายละเอียด | F1: Manifest URL
